product_id,record_id,settlement,source_file_token,task_id,source_path,generated_path,final_path,upload_status,uploaded_file_token,uploaded_at,run_root
JH001,recvjiq8ngNygL,设计款（2.5倍率）,BA2Zb9g4ooTwgxxbMgxcTldyndp,jewelry-white-bg-JH001-20260612104519,C:\Users\Administrator\Documents\珠宝白底图生成\outputs\jewelry-white-background\20260618-618-test5-20260612-104005\source\JH001_front.jpg,C:\Users\Administrator\Documents\珠宝白底图生成\outputs\jewelry-white-background\20260618-618-test5-20260612-104005\generated\JH001_generated.png,C:\Users\Administrator\Documents\珠宝白底图生成\outputs\jewelry-white-background\20260618-618-test5-20260612-104005\white-bg\JH001_white_bg_watermarked.png,uploaded,GXOPboWERoOkzNxQflqcziQ9n2e,2026-06-12T11:01:45,C:\Users\Administrator\Documents\珠宝白底图生成\outputs\jewelry-white-background\20260618-618-test5-20260612-104005
JH002,recvjiq8SU9qcL,设计款（2.5倍率）,AVpbbfE5IoadfVxXx6acz7YZnoh,jewelry-white-bg-JH002-20260612104843,C:\Users\Administrator\Documents\珠宝白底图生成\outputs\jewelry-white-background\20260618-618-test5-20260612-104005\source\JH002_front.jpg,C:\Users\Administrator\Documents\珠宝白底图生成\outputs\jewelry-white-background\20260618-618-test5-20260612-104005\generated\JH002_generated.png,C:\Users\Administrator\Documents\珠宝白底图生成\outputs\jewelry-white-background\20260618-618-test5-20260612-104005\white-bg\JH002_white_bg_watermarked.png,uploaded,Qkh9bjOCDovaGoxQnjKcdlPNnve,2026-06-12T11:01:49,C:\Users\Administrator\Documents\珠宝白底图生成\outputs\jewelry-white-background\20260618-618-test5-20260612-104005
JH003,recvkUy6MJrp04,设计款（2.5倍率）,ODIubCA72oNsdmxchi2caNTcnQh,jewelry-white-bg-JH003-20260612105139,C:\Users\Administrator\Documents\珠宝白底图生成\outputs\jewelry-white-background\20260618-618-test5-20260612-104005\source\JH003_front.jpg,C:\Users\Administrator\Documents\珠宝白底图生成\outputs\jewelry-white-background\20260618-618-test5-20260612-104005\generated\JH003_generated.png,C:\Users\Administrator\Documents\珠宝白底图生成\outputs\jewelry-white-background\20260618-618-test5-20260612-104005\white-bg\JH003_white_bg_watermarked.png,uploaded,RE0lb4nydo3tryxeSypcxZrCnkh,2026-06-12T11:01:52,C:\Users\Administrator\Documents\珠宝白底图生成\outputs\jewelry-white-background\20260618-618-test5-20260612-104005
JH004,recvkZ0aFsUQPy,设计款（2.5倍率）,ImdEbEmJIohDoMxNQ2ZcmwMgnff,jewelry-white-bg-JH004-20260612105436,C:\Users\Administrator\Documents\珠宝白底图生成\outputs\jewelry-white-background\20260618-618-test5-20260612-104005\source\JH004_front.jpg,C:\Users\Administrator\Documents\珠宝白底图生成\outputs\jewelry-white-background\20260618-618-test5-20260612-104005\generated\JH004_generated.png,C:\Users\Administrator\Documents\珠宝白底图生成\outputs\jewelry-white-background\20260618-618-test5-20260612-104005\white-bg\JH004_white_bg_watermarked.png,uploaded,GK4JbEhWlobhfwxaWNWcQVnTn2f,2026-06-12T11:01:56,C:\Users\Administrator\Documents\珠宝白底图生成\outputs\jewelry-white-background\20260618-618-test5-20260612-104005
JH005,recvkZ0cJZe71Y,设计款（2.5倍率）,XtaAbvKc3ouqw9x6n8Ac01CxnGf,jewelry-white-bg-JH005-20260612105704,C:\Users\Administrator\Documents\珠宝白底图生成\outputs\jewelry-white-background\20260618-618-test5-20260612-104005\source\JH005_front.jpg,C:\Users\Administrator\Documents\珠宝白底图生成\outputs\jewelry-white-background\20260618-618-test5-20260612-104005\generated\JH005_generated.png,C:\Users\Administrator\Documents\珠宝白底图生成\outputs\jewelry-white-background\20260618-618-test5-20260612-104005\white-bg\JH005_white_bg_watermarked.png,uploaded,LlK4bF3Q3owkDcxQUTGcTbLgnrf,2026-06-12T11:01:59,C:\Users\Administrator\Documents\珠宝白底图生成\outputs\jewelry-white-background\20260618-618-test5-20260612-104005
JH011,recvlfVHXV20By,设计款（2.5倍率）,V8VTbOFvPolSQhxlyhXcV8WknQb,jewelry-white-bg-JH011-20260612121511,C:\Users\Administrator\Documents\珠宝白底图生成\outputs\jewelry-white-background\20260618-618-full-20260612-120909\source\JH011_front.png,C:\Users\Administrator\Documents\珠宝白底图生成\outputs\jewelry-white-background\20260618-618-full-20260612-120909\generated\JH011_generated.png,C:\Users\Administrator\Documents\珠宝白底图生成\outputs\jewelry-white-background\20260618-618-full-20260612-120909\white-bg\JH011_white_bg_watermarked.png,uploaded,Hjxzbyf3boKMpVxg8xEcaVUEn2f,2026-06-12T12:21:56,C:\Users\Administrator\Documents\珠宝白底图生成\outputs\jewelry-white-background\20260618-618-full-20260612-120909
JH006,recvkZOat43lmn,设计款（2.5倍率）,PyC7bLNYPozAewxrc49caLwAnOh,jewelry-white-bg-JH006-20260612121455,C:\Users\Administrator\Documents\珠宝白底图生成\outputs\jewelry-white-background\20260618-618-full-20260612-120909\source\JH006_front.jpg,C:\Users\Administrator\Documents\珠宝白底图生成\outputs\jewelry-white-background\20260618-618-full-20260612-120909\generated\JH006_generated.png,C:\Users\Administrator\Documents\珠宝白底图生成\outputs\jewelry-white-background\20260618-618-full-20260612-120909\white-bg\JH006_white_bg_watermarked.png,uploaded,BD8Gb3es1odj7Gx85B1ccm2jnff,2026-06-12T12:21:59,C:\Users\Administrator\Documents\珠宝白底图生成\outputs\jewelry-white-background\20260618-618-full-20260612-120909
JH007,recvkZOf5QAPsk,设计款（2.5倍率）,BxfhbVK8moVviex4TzwcbOyGnEd,jewelry-white-bg-JH007-20260612121500,C:\Users\Administrator\Documents\珠宝白底图生成\outputs\jewelry-white-background\20260618-618-full-20260612-120909\source\JH007_front.jpg,C:\Users\Administrator\Documents\珠宝白底图生成\outputs\jewelry-white-background\20260618-618-full-20260612-120909\generated\JH007_generated.png,C:\Users\Administrator\Documents\珠宝白底图生成\outputs\jewelry-white-background\20260618-618-full-20260612-120909\white-bg\JH007_white_bg_watermarked.png,uploaded,BEyKbt9Gao0o6wxQcHOc3uIZnbc,2026-06-12T12:22:02,C:\Users\Administrator\Documents\珠宝白底图生成\outputs\jewelry-white-background\20260618-618-full-20260612-120909
JH010,recvl0aDHGNmAs,设计款（2.5倍率）,JOT4bSfXzoXSVKxzOtBcfjmdnMJ,jewelry-white-bg-JH010-20260612121506,C:\Users\Administrator\Documents\珠宝白底图生成\outputs\jewelry-white-background\20260618-618-full-20260612-120909\source\JH010_front.png,C:\Users\Administrator\Documents\珠宝白底图生成\outputs\jewelry-white-background\20260618-618-full-20260612-120909\generated\JH010_generated.png,C:\Users\Administrator\Documents\珠宝白底图生成\outputs\jewelry-white-background\20260618-618-full-20260612-120909\white-bg\JH010_white_bg_watermarked.png,uploaded,VT9MbCuO5oHjL1xy2WDcUmsgnMg,2026-06-12T12:22:04,C:\Users\Administrator\Documents\珠宝白底图生成\outputs\jewelry-white-background\20260618-618-full-20260612-120909
JH012,recvlfVKboqRY9,设计款（2.5倍率）,Q7lVbMS86ofi6wxUQSRc9pjPnab,jewelry-white-bg-JH012-20260612121520,C:\Users\Administrator\Documents\珠宝白底图生成\outputs\jewelry-white-background\20260618-618-full-20260612-120909\source\JH012_front.png,C:\Users\Administrator\Documents\珠宝白底图生成\outputs\jewelry-white-background\20260618-618-full-20260612-120909\generated\JH012_generated.png,C:\Users\Administrator\Documents\珠宝白底图生成\outputs\jewelry-white-background\20260618-618-full-20260612-120909\white-bg\JH012_white_bg_watermarked.png,uploaded,O872bOxTKoWStFxJMhZcmbm6nug,2026-06-12T12:22:07,C:\Users\Administrator\Documents\珠宝白底图生成\outputs\jewelry-white-background\20260618-618-full-20260612-120909
JH013,recvlfVKboeXG3,设计款（2.5倍率）,MD0Lbq19roZY03x15vHcGOgmnVe,jewelry-white-bg-JH013-20260612121527,C:\Users\Administrator\Documents\珠宝白底图生成\outputs\jewelry-white-background\20260618-618-full-20260612-120909\source\JH013_front.png,C:\Users\Administrator\Documents\珠宝白底图生成\outputs\jewelry-white-background\20260618-618-full-20260612-120909\generated\JH013_generated.png,C:\Users\Administrator\Documents\珠宝白底图生成\outputs\jewelry-white-background\20260618-618-full-20260612-120909\white-bg\JH013_white_bg_watermarked.png,uploaded,M0mtbqmAmoiM0zxa5c8cQcruntg,2026-06-12T12:22:10,C:\Users\Administrator\Documents\珠宝白底图生成\outputs\jewelry-white-background\20260618-618-full-20260612-120909
JH016,recvlfVKbouUFV,设计款（2.5倍率）,KXRVbtxfLosVNPxdvZdc7p9ZnKp,jewelry-white-bg-JH016-20260612121541,C:\Users\Administrator\Documents\珠宝白底图生成\outputs\jewelry-white-background\20260618-618-full-20260612-120909\source\JH016_front.png,C:\Users\Administrator\Documents\珠宝白底图生成\outputs\jewelry-white-background\20260618-618-full-20260612-120909\generated\JH016_generated.png,C:\Users\Administrator\Documents\珠宝白底图生成\outputs\jewelry-white-background\20260618-618-full-20260612-120909\white-bg\JH016_white_bg_watermarked.png,uploaded,KTUvbWPekoaSzxxJDaYcVHPtnlh,2026-06-12T12:22:13,C:\Users\Administrator\Documents\珠宝白底图生成\outputs\jewelry-white-background\20260618-618-full-20260612-120909
JH020,recvlfVKboeqSF,设计款（2.5倍率）,AgcVbpZ6fob2zBxDBnwcRVmxneg,jewelry-white-bg-JH020-20260612121548,C:\Users\Administrator\Documents\珠宝白底图生成\outputs\jewelry-white-background\20260618-618-full-20260612-120909\source\JH020_front.jpg,C:\Users\Administrator\Documents\珠宝白底图生成\outputs\jewelry-white-background\20260618-618-full-20260612-120909\generated\JH020_generated.png,C:\Users\Administrator\Documents\珠宝白底图生成\outputs\jewelry-white-background\20260618-618-full-20260612-120909\white-bg\JH020_white_bg_watermarked.png,uploaded,P6e3bXDtuot4o9xIW99cCAYdnyb,2026-06-12T12:22:15,C:\Users\Administrator\Documents\珠宝白底图生成\outputs\jewelry-white-background\20260618-618-full-20260612-120909
JH021,recvlfVKbopwv0,设计款（2.5倍率）,XtzabQD1oozDhDxhkWqcM2alnmc,jewelry-white-bg-JH021-20260612121554,C:\Users\Administrator\Documents\珠宝白底图生成\outputs\jewelry-white-background\20260618-618-full-20260612-120909\source\JH021_front.jpg,C:\Users\Administrator\Documents\珠宝白底图生成\outputs\jewelry-white-background\20260618-618-full-20260612-120909\generated\JH021_generated.png,C:\Users\Administrator\Documents\珠宝白底图生成\outputs\jewelry-white-background\20260618-618-full-20260612-120909\white-bg\JH021_white_bg_watermarked.png,uploaded,H9fjbMwYPoEqEmxQr4LcTNAVnkd,2026-06-12T12:22:18,C:\Users\Administrator\Documents\珠宝白底图生成\outputs\jewelry-white-background\20260618-618-full-20260612-120909
JH014,recvlfVKbogXft,设计款（2.5倍率）,F6obby2bEoL05QxYvORcEshknmd,jewelry-white-bg-JH014-20260612121532,C:\Users\Administrator\Documents\珠宝白底图生成\outputs\jewelry-white-background\20260618-618-full-20260612-120909\source\JH014_front.png,C:\Users\Administrator\Documents\珠宝白底图生成\outputs\jewelry-white-background\20260618-618-full-20260612-120909\generated\JH014_generated.png,C:\Users\Administrator\Documents\珠宝白底图生成\outputs\jewelry-white-background\20260618-618-full-20260612-120909\white-bg\JH014_white_bg_watermarked.png,uploaded,SpqObGJQUowe6excEDncz1kLnhd,2026-06-12T12:22:21,C:\Users\Administrator\Documents\珠宝白底图生成\outputs\jewelry-white-background\20260618-618-full-20260612-120909
JH023,recvlhs9Fzvt2T,1.7倍率,VlhVbAmjOoLUr9x7LmwcTJ3WnEf,jewelry-white-bg-JH023-20260612121635,C:\Users\Administrator\Documents\珠宝白底图生成\outputs\jewelry-white-background\20260618-618-full-20260612-120909\source\JH023_front.heic,C:\Users\Administrator\Documents\珠宝白底图生成\outputs\jewelry-white-background\20260618-618-full-20260612-120909\generated\JH023_generated.png,C:\Users\Administrator\Documents\珠宝白底图生成\outputs\jewelry-white-background\20260618-618-full-20260612-120909\white-bg\JH023_white_bg_watermarked.png,uploaded,UEkQbvBFVoVdoKxMXsqcQPq0nLf,2026-06-12T12:22:24,C:\Users\Administrator\Documents\珠宝白底图生成\outputs\jewelry-white-background\20260618-618-full-20260612-120909
JH022,recvlhs7P62Cic,1.7倍率,Rv5abW65pobNC7xdXmrcVVXynlc,jewelry-white-bg-JH022-20260612121628,C:\Users\Administrator\Documents\珠宝白底图生成\outputs\jewelry-white-background\20260618-618-full-20260612-120909\source\JH022_front.heic,C:\Users\Administrator\Documents\珠宝白底图生成\outputs\jewelry-white-background\20260618-618-full-20260612-120909\generated\JH022_generated.png,C:\Users\Administrator\Documents\珠宝白底图生成\outputs\jewelry-white-background\20260618-618-full-20260612-120909\white-bg\JH022_white_bg_watermarked.png,uploaded,GnB4bUQG5oOZkLxWfPJcDJVqnUS,2026-06-12T12:22:26,C:\Users\Administrator\Documents\珠宝白底图生成\outputs\jewelry-white-background\20260618-618-full-20260612-120909
JH027,recvlhs9Fzyic2,1.7倍率,Rf2VbwbdfotEScx7WX0cHTnfnle,jewelry-white-bg-JH027-20260612122245,C:\Users\Administrator\Documents\珠宝白底图生成\outputs\jewelry-white-background\20260618-618-full-20260612-120909\source\JH027_front.jpg,C:\Users\Administrator\Documents\珠宝白底图生成\outputs\jewelry-white-background\20260618-618-full-20260612-120909\generated\JH027_generated.png,C:\Users\Administrator\Documents\珠宝白底图生成\outputs\jewelry-white-background\20260618-618-full-20260612-120909\white-bg\JH027_white_bg_watermarked.png,uploaded,MZezbR8aIoyA7sxIqo4cm5XOnGd,2026-06-12T12:27:53,C:\Users\Administrator\Documents\珠宝白底图生成\outputs\jewelry-white-background\20260618-618-full-20260612-120909
JH028,recvlhs9FzMEa6,1.7倍率,Q9uybwUkMoW2HTxZ1Hqccwzpnbf,jewelry-white-bg-JH028-20260612122252,C:\Users\Administrator\Documents\珠宝白底图生成\outputs\jewelry-white-background\20260618-618-full-20260612-120909\source\JH028_front.jpg,C:\Users\Administrator\Documents\珠宝白底图生成\outputs\jewelry-white-background\20260618-618-full-20260612-120909\generated\JH028_generated.png,C:\Users\Administrator\Documents\珠宝白底图生成\outputs\jewelry-white-background\20260618-618-full-20260612-120909\white-bg\JH028_white_bg_watermarked.png,uploaded,SWAtbYAB2oNNI0xVpxycwHD9nKc,2026-06-12T12:27:56,C:\Users\Administrator\Documents\珠宝白底图生成\outputs\jewelry-white-background\20260618-618-full-20260612-120909
JH476,recvlmw3AoZM2M,设计款（2.5倍率）,JAcxb540EoddYnx1ER6coBknn5e,jewelry-white-bg-JH476-20260612122319,C:\Users\Administrator\Documents\珠宝白底图生成\outputs\jewelry-white-background\20260618-618-full-20260612-120909\source\JH476_front.heic,C:\Users\Administrator\Documents\珠宝白底图生成\outputs\jewelry-white-background\20260618-618-full-20260612-120909\generated\JH476_generated.png,C:\Users\Administrator\Documents\珠宝白底图生成\outputs\jewelry-white-background\20260618-618-full-20260612-120909\white-bg\JH476_white_bg_watermarked.png,uploaded,MdsYbDYZTodYkzx2OcXckk76nqe,2026-06-12T12:27:59,C:\Users\Administrator\Documents\珠宝白底图生成\outputs\jewelry-white-background\20260618-618-full-20260612-120909
JH478,recvlmw3Aoa8K8,设计款（2.5倍率）,L7e0bYeKeo2uOrxUu3hcSStQnuf,jewelry-white-bg-JH478-20260612122332,C:\Users\Administrator\Documents\珠宝白底图生成\outputs\jewelry-white-background\20260618-618-full-20260612-120909\source\JH478_front.heic,C:\Users\Administrator\Documents\珠宝白底图生成\outputs\jewelry-white-background\20260618-618-full-20260612-120909\generated\JH478_generated.png,C:\Users\Administrator\Documents\珠宝白底图生成\outputs\jewelry-white-background\20260618-618-full-20260612-120909\white-bg\JH478_white_bg_watermarked.png,uploaded,Yu1Hbzpuio78GaxZumfcqQGNnbh,2026-06-12T12:28:01,C:\Users\Administrator\Documents\珠宝白底图生成\outputs\jewelry-white-background\20260618-618-full-20260612-120909
JH024,recvlhs9FzkVpz,1.7倍率,KezHbxPc7odT4cxiLKfcpFunnJe,jewelry-white-bg-JH024-20260612122228,C:\Users\Administrator\Documents\珠宝白底图生成\outputs\jewelry-white-background\20260618-618-full-20260612-120909\source\JH024_front.heic,C:\Users\Administrator\Documents\珠宝白底图生成\outputs\jewelry-white-background\20260618-618-full-20260612-120909\generated\JH024_generated.png,C:\Users\Administrator\Documents\珠宝白底图生成\outputs\jewelry-white-background\20260618-618-full-20260612-120909\white-bg\JH024_white_bg_watermarked.png,uploaded,TRcIbOL0ooRKdSxkgg6cN0FYnMb,2026-06-12T12:28:04,C:\Users\Administrator\Documents\珠宝白底图生成\outputs\jewelry-white-background\20260618-618-full-20260612-120909
JH025,recvlhs9FzfPHw,1.7倍率,LArLbatLdoyRmkxRcq1cAwO6nEg,jewelry-white-bg-JH025-20260612122235,C:\Users\Administrator\Documents\珠宝白底图生成\outputs\jewelry-white-background\20260618-618-full-20260612-120909\source\JH025_front.jpg,C:\Users\Administrator\Documents\珠宝白底图生成\outputs\jewelry-white-background\20260618-618-full-20260612-120909\generated\JH025_generated.png,C:\Users\Administrator\Documents\珠宝白底图生成\outputs\jewelry-white-background\20260618-618-full-20260612-120909\white-bg\JH025_white_bg_watermarked.png,uploaded,JFEWbVlQBoN1SlxINVRcAanHnXO,2026-06-12T12:28:07,C:\Users\Administrator\Documents\珠宝白底图生成\outputs\jewelry-white-background\20260618-618-full-20260612-120909
JH026,recvlhs9Fz9DpC,1.7倍率,KorKbNUoJoypKuxZW3JceHeJnAb,jewelry-white-bg-JH026-20260612122239,C:\Users\Administrator\Documents\珠宝白底图生成\outputs\jewelry-white-background\20260618-618-full-20260612-120909\source\JH026_front.jpg,C:\Users\Administrator\Documents\珠宝白底图生成\outputs\jewelry-white-background\20260618-618-full-20260612-120909\generated\JH026_generated.png,C:\Users\Administrator\Documents\珠宝白底图生成\outputs\jewelry-white-background\20260618-618-full-20260612-120909\white-bg\JH026_white_bg_watermarked.png,uploaded,FKcDbDB87ov1dYxVlapciThvn46,2026-06-12T12:28:10,C:\Users\Administrator\Documents\珠宝白底图生成\outputs\jewelry-white-background\20260618-618-full-20260612-120909
JH029,recvlhs9Fzn1LP,1.7倍率,H0W6bhby2oBPcnxBjwCctpr7nHY,jewelry-white-bg-JH029-20260612122257,C:\Users\Administrator\Documents\珠宝白底图生成\outputs\jewelry-white-background\20260618-618-full-20260612-120909\source\JH029_front.heic,C:\Users\Administrator\Documents\珠宝白底图生成\outputs\jewelry-white-background\20260618-618-full-20260612-120909\generated\JH029_generated.png,C:\Users\Administrator\Documents\珠宝白底图生成\outputs\jewelry-white-background\20260618-618-full-20260612-120909\white-bg\JH029_white_bg_watermarked.png,uploaded,Xco7b4jXgoyPK2x5ay6ceKU9nXd,2026-06-12T12:28:13,C:\Users\Administrator\Documents\珠宝白底图生成\outputs\jewelry-white-background\20260618-618-full-20260612-120909
JH030,recvlhs9Fz3xk6,设计款（2.5倍率）,ODEDbEAe0oKsEsx5Hf3ccBDWnmc,jewelry-white-bg-JH030-20260612122307,C:\Users\Administrator\Documents\珠宝白底图生成\outputs\jewelry-white-background\20260618-618-full-20260612-120909\source\JH030_front.heic,C:\Users\Administrator\Documents\珠宝白底图生成\outputs\jewelry-white-background\20260618-618-full-20260612-120909\generated\JH030_generated.png,C:\Users\Administrator\Documents\珠宝白底图生成\outputs\jewelry-white-background\20260618-618-full-20260612-120909\white-bg\JH030_white_bg_watermarked.png,uploaded,SnEQb93E9oEeBSx9Y6bcgdsnnGR,2026-06-12T12:28:16,C:\Users\Administrator\Documents\珠宝白底图生成\outputs\jewelry-white-background\20260618-618-full-20260612-120909
JH475,recvlmw1kJvmeq,设计款（2.5倍率）,NuAbbF3XVoGQZXx6XpucXsLpnWg,jewelry-white-bg-JH475-20260612122313,C:\Users\Administrator\Documents\珠宝白底图生成\outputs\jewelry-white-background\20260618-618-full-20260612-120909\source\JH475_front.jpg,C:\Users\Administrator\Documents\珠宝白底图生成\outputs\jewelry-white-background\20260618-618-full-20260612-120909\generated\JH475_generated.png,C:\Users\Administrator\Documents\珠宝白底图生成\outputs\jewelry-white-background\20260618-618-full-20260612-120909\white-bg\JH475_white_bg_watermarked.png,uploaded,LNmBbA3tGool8DxGqrOcW4Qfnne,2026-06-12T12:28:20,C:\Users\Administrator\Documents\珠宝白底图生成\outputs\jewelry-white-background\20260618-618-full-20260612-120909
JH477,recvlmw3AoXUp7,设计款（2.5倍率）,DWgAbvxXooqLNHxCf2XcpfTJn5d,jewelry-white-bg-JH477-20260612122325,C:\Users\Administrator\Documents\珠宝白底图生成\outputs\jewelry-white-background\20260618-618-full-20260612-120909\source\JH477_front.heic,C:\Users\Administrator\Documents\珠宝白底图生成\outputs\jewelry-white-background\20260618-618-full-20260612-120909\generated\JH477_generated.png,C:\Users\Administrator\Documents\珠宝白底图生成\outputs\jewelry-white-background\20260618-618-full-20260612-120909\white-bg\JH477_white_bg_watermarked.png,uploaded,IsbLbLN0won8q2xMgR5cHXcfngh,2026-06-12T12:28:23,C:\Users\Administrator\Documents\珠宝白底图生成\outputs\jewelry-white-background\20260618-618-full-20260612-120909
JH479,recvlmw3AoMDvC,设计款（2.5倍率）,LerUbUo0ooNR8zxqYgicEMCCnic,jewelry-white-bg-JH479-20260612122338,C:\Users\Administrator\Documents\珠宝白底图生成\outputs\jewelry-white-background\20260618-618-full-20260612-120909\source\JH479_front.heic,C:\Users\Administrator\Documents\珠宝白底图生成\outputs\jewelry-white-background\20260618-618-full-20260612-120909\generated\JH479_generated.png,C:\Users\Administrator\Documents\珠宝白底图生成\outputs\jewelry-white-background\20260618-618-full-20260612-120909\white-bg\JH479_white_bg_watermarked.png,uploaded,LHDlbLdNTogjkvxQYO2cnrrenPg,2026-06-12T12:28:26,C:\Users\Administrator\Documents\珠宝白底图生成\outputs\jewelry-white-background\20260618-618-full-20260612-120909
JH480,recvlmw3AoMNu7,设计款（2.5倍率）,Pc6EbteQSogit6xoDT9c2DbGnod,jewelry-white-bg-JH480-20260612122827,C:\Users\Administrator\Documents\珠宝白底图生成\outputs\jewelry-white-background\20260618-618-full-20260612-120909\source\JH480_front.heic,C:\Users\Administrator\Documents\珠宝白底图生成\outputs\jewelry-white-background\20260618-618-full-20260612-120909\generated\JH480_generated.png,C:\Users\Administrator\Documents\珠宝白底图生成\outputs\jewelry-white-background\20260618-618-full-20260612-120909\white-bg\JH480_white_bg_watermarked.png,uploaded,Kz6fbeYWko9n7ExDvmHcIqain9c,2026-06-12T12:33:57,C:\Users\Administrator\Documents\珠宝白底图生成\outputs\jewelry-white-background\20260618-618-full-20260612-120909
JH481,recvlmw3Aox3RY,设计款（2.5倍率）,FIiKbBcyEoaPBDx8CXMcdleznJg,jewelry-white-bg-JH481-20260612122835,C:\Users\Administrator\Documents\珠宝白底图生成\outputs\jewelry-white-background\20260618-618-full-20260612-120909\source\JH481_front.heic,C:\Users\Administrator\Documents\珠宝白底图生成\outputs\jewelry-white-background\20260618-618-full-20260612-120909\generated\JH481_generated.png,C:\Users\Administrator\Documents\珠宝白底图生成\outputs\jewelry-white-background\20260618-618-full-20260612-120909\white-bg\JH481_white_bg_watermarked.png,uploaded,LPDXb6yXRobgHYxa4UHcbqc1n7d,2026-06-12T12:34:00,C:\Users\Administrator\Documents\珠宝白底图生成\outputs\jewelry-white-background\20260618-618-full-20260612-120909
JH486,recvlmTGEVT39v,设计款（2.5倍率）,SdoDbbsXaopYDuxjqA7cyns3n9d,jewelry-white-bg-JH486-20260612122917,C:\Users\Administrator\Documents\珠宝白底图生成\outputs\jewelry-white-background\20260618-618-full-20260612-120909\source\JH486_front.jpg,C:\Users\Administrator\Documents\珠宝白底图生成\outputs\jewelry-white-background\20260618-618-full-20260612-120909\generated\JH486_generated.png,C:\Users\Administrator\Documents\珠宝白底图生成\outputs\jewelry-white-background\20260618-618-full-20260612-120909\white-bg\JH486_white_bg_watermarked.png,uploaded,OQcibRzLuo9qulxOBcjcIAxpnBg,2026-06-12T12:34:03,C:\Users\Administrator\Documents\珠宝白底图生成\outputs\jewelry-white-background\20260618-618-full-20260612-120909
JH487,recvlmTKC2Dgvp,设计款（2.5倍率）,D4jZbD5hFomkw0x1EN5c4YQInIf,jewelry-white-bg-JH487-20260612122922,C:\Users\Administrator\Documents\珠宝白底图生成\outputs\jewelry-white-background\20260618-618-full-20260612-120909\source\JH487_front.jpg,C:\Users\Administrator\Documents\珠宝白底图生成\outputs\jewelry-white-background\20260618-618-full-20260612-120909\generated\JH487_generated.png,C:\Users\Administrator\Documents\珠宝白底图生成\outputs\jewelry-white-background\20260618-618-full-20260612-120909\white-bg\JH487_white_bg_watermarked.png,uploaded,U6t3bS1vRo1bzVxevA7cKadnnUh,2026-06-12T12:34:05,C:\Users\Administrator\Documents\珠宝白底图生成\outputs\jewelry-white-background\20260618-618-full-20260612-120909
JH488,recvlmTOsaOfcl,设计款（2.5倍率）,NG3qberMkonWklxHdNmc55Vyn9f,jewelry-white-bg-JH488-20260612122928,C:\Users\Administrator\Documents\珠宝白底图生成\outputs\jewelry-white-background\20260618-618-full-20260612-120909\source\JH488_front.jpg,C:\Users\Administrator\Documents\珠宝白底图生成\outputs\jewelry-white-background\20260618-618-full-20260612-120909\generated\JH488_generated.png,C:\Users\Administrator\Documents\珠宝白底图生成\outputs\jewelry-white-background\20260618-618-full-20260612-120909\white-bg\JH488_white_bg_watermarked.png,uploaded,VGvmb32Hwo5QVFxDHPccovXAnPb,2026-06-12T12:34:08,C:\Users\Administrator\Documents\珠宝白底图生成\outputs\jewelry-white-background\20260618-618-full-20260612-120909
JH489,recvlmU8xyLmdM,设计款（2.5倍率）,CLO8bUZGEoskn4xBHWicwTe1nBg,jewelry-white-bg-JH489-20260612122936,C:\Users\Administrator\Documents\珠宝白底图生成\outputs\jewelry-white-background\20260618-618-full-20260612-120909\source\JH489_front.jpg,C:\Users\Administrator\Documents\珠宝白底图生成\outputs\jewelry-white-background\20260618-618-full-20260612-120909\generated\JH489_generated.png,C:\Users\Administrator\Documents\珠宝白底图生成\outputs\jewelry-white-background\20260618-618-full-20260612-120909\white-bg\JH489_white_bg_watermarked.png,uploaded,DITnbE0zior4GXxylwCcrHfwnng,2026-06-12T12:34:11,C:\Users\Administrator\Documents\珠宝白底图生成\outputs\jewelry-white-background\20260618-618-full-20260612-120909
JH490,recvlmU8xycWmF,设计款（2.5倍率）,Vv1Wbs0two9ERIx8S6ecBaLPnNe,jewelry-white-bg-JH490-20260612122942,C:\Users\Administrator\Documents\珠宝白底图生成\outputs\jewelry-white-background\20260618-618-full-20260612-120909\source\JH490_front.jpg,C:\Users\Administrator\Documents\珠宝白底图生成\outputs\jewelry-white-background\20260618-618-full-20260612-120909\generated\JH490_generated.png,C:\Users\Administrator\Documents\珠宝白底图生成\outputs\jewelry-white-background\20260618-618-full-20260612-120909\white-bg\JH490_white_bg_watermarked.png,uploaded,P7JUb8R8Co9KxixlNVbc6fkWn2e,2026-06-12T12:34:15,C:\Users\Administrator\Documents\珠宝白底图生成\outputs\jewelry-white-background\20260618-618-full-20260612-120909
JH491,recvlngkmPxJFg,设计款（2.5倍率）,WFmqb0WOGoXjstxPXlJcXhXwnuB,jewelry-white-bg-JH491-20260612122948,C:\Users\Administrator\Documents\珠宝白底图生成\outputs\jewelry-white-background\20260618-618-full-20260612-120909\source\JH491_front.jpg,C:\Users\Administrator\Documents\珠宝白底图生成\outputs\jewelry-white-background\20260618-618-full-20260612-120909\generated\JH491_generated.png,C:\Users\Administrator\Documents\珠宝白底图生成\outputs\jewelry-white-background\20260618-618-full-20260612-120909\white-bg\JH491_white_bg_watermarked.png,uploaded,BXMBbhCjWoxBzbxPyzLcJjAYn3f,2026-06-12T12:34:18,C:\Users\Administrator\Documents\珠宝白底图生成\outputs\jewelry-white-background\20260618-618-full-20260612-120909
JH492,recvlsDqIWU1E6,设计款（2.5倍率）,EoJUbZihWolfF7xEX7ucpGhInUg,jewelry-white-bg-JH492-20260612122956,C:\Users\Administrator\Documents\珠宝白底图生成\outputs\jewelry-white-background\20260618-618-full-20260612-120909\source\JH492_front.jpg,C:\Users\Administrator\Documents\珠宝白底图生成\outputs\jewelry-white-background\20260618-618-full-20260612-120909\generated\JH492_generated.png,C:\Users\Administrator\Documents\珠宝白底图生成\outputs\jewelry-white-background\20260618-618-full-20260612-120909\white-bg\JH492_white_bg_watermarked.png,uploaded,WZIYbyHqCouzuVxpMjPckz6znhe,2026-06-12T12:34:21,C:\Users\Administrator\Documents\珠宝白底图生成\outputs\jewelry-white-background\20260618-618-full-20260612-120909
JH495,recvlsDw2vsR5F,设计款（2.5倍率）,L1NXbBsbko3jcyxe8XSc5l2cn81,jewelry-white-bg-JH495-20260612123001,C:\Users\Administrator\Documents\珠宝白底图生成\outputs\jewelry-white-background\20260618-618-full-20260612-120909\source\JH495_front.heic,C:\Users\Administrator\Documents\珠宝白底图生成\outputs\jewelry-white-background\20260618-618-full-20260612-120909\generated\JH495_generated.png,C:\Users\Administrator\Documents\珠宝白底图生成\outputs\jewelry-white-background\20260618-618-full-20260612-120909\white-bg\JH495_white_bg_watermarked.png,uploaded,R5YWbUv74oMe18x68GPceMgAnNb,2026-06-12T12:34:24,C:\Users\Administrator\Documents\珠宝白底图生成\outputs\jewelry-white-background\20260618-618-full-20260612-120909
JH482,recvlmw3Ao4Uqk,设计款（2.5倍率）,GnxZbmDN5oLzS3xCb2rcW88Lnyg,jewelry-white-bg-JH482-20260612122842,C:\Users\Administrator\Documents\珠宝白底图生成\outputs\jewelry-white-background\20260618-618-full-20260612-120909\source\JH482_front.heic,C:\Users\Administrator\Documents\珠宝白底图生成\outputs\jewelry-white-background\20260618-618-full-20260612-120909\generated\JH482_generated.png,C:\Users\Administrator\Documents\珠宝白底图生成\outputs\jewelry-white-background\20260618-618-full-20260612-120909\white-bg\JH482_white_bg_watermarked.png,uploaded,EQebbXQokos8Scxx7tucm4q1nib,2026-06-12T12:34:26,C:\Users\Administrator\Documents\珠宝白底图生成\outputs\jewelry-white-background\20260618-618-full-20260612-120909
JH483,recvlmw3AoSTZY,设计款（2.5倍率）,ViVSbD30RoOnKix4GGVcIg3jn8f,jewelry-white-bg-JH483-20260612122849,C:\Users\Administrator\Documents\珠宝白底图生成\outputs\jewelry-white-background\20260618-618-full-20260612-120909\source\JH483_front.heic,C:\Users\Administrator\Documents\珠宝白底图生成\outputs\jewelry-white-background\20260618-618-full-20260612-120909\generated\JH483_generated.png,C:\Users\Administrator\Documents\珠宝白底图生成\outputs\jewelry-white-background\20260618-618-full-20260612-120909\white-bg\JH483_white_bg_watermarked.png,uploaded,OXwrbatJio4dgCxeZLScsOaSnWh,2026-06-12T12:34:29,C:\Users\Administrator\Documents\珠宝白底图生成\outputs\jewelry-white-background\20260618-618-full-20260612-120909
JH501,recvlsGryFTJh2,1.7倍率,K2DUbtjoTo4TruxRuTocrDhRn2c,jewelry-white-bg-JH501-20260612123437,C:\Users\Administrator\Documents\珠宝白底图生成\outputs\jewelry-white-background\20260618-618-full-20260612-120909\source\JH501_front.heic,C:\Users\Administrator\Documents\珠宝白底图生成\outputs\jewelry-white-background\20260618-618-full-20260612-120909\generated\JH501_generated.png,C:\Users\Administrator\Documents\珠宝白底图生成\outputs\jewelry-white-background\20260618-618-full-20260612-120909\white-bg\JH501_white_bg_watermarked.png,uploaded,Hs7SbEavFop9H3xlj9ScOzgZnpf,2026-06-12T12:39:15,C:\Users\Administrator\Documents\珠宝白底图生成\outputs\jewelry-white-background\20260618-618-full-20260612-120909
JH502,recvlsKG0lPDG4,设计款（2.5倍率）,V4Lfbz0CeoaZyzxdyioc9twGnKb,jewelry-white-bg-JH502-20260612123444,C:\Users\Administrator\Documents\珠宝白底图生成\outputs\jewelry-white-background\20260618-618-full-20260612-120909\source\JH502_front.heic,C:\Users\Administrator\Documents\珠宝白底图生成\outputs\jewelry-white-background\20260618-618-full-20260612-120909\generated\JH502_generated.png,C:\Users\Administrator\Documents\珠宝白底图生成\outputs\jewelry-white-background\20260618-618-full-20260612-120909\white-bg\JH502_white_bg_watermarked.png,uploaded,JIY4bpu2UoUAypxKzECcMyp3nzh,2026-06-12T12:39:18,C:\Users\Administrator\Documents\珠宝白底图生成\outputs\jewelry-white-background\20260618-618-full-20260612-120909
JH507,recvlsKG0lOCMk,设计款（2.5倍率）,OCfxbP3TPo7kDMxHIB9cpTeSn4c,jewelry-white-bg-JH507-20260612123451,C:\Users\Administrator\Documents\珠宝白底图生成\outputs\jewelry-white-background\20260618-618-full-20260612-120909\source\JH507_front.jpg,C:\Users\Administrator\Documents\珠宝白底图生成\outputs\jewelry-white-background\20260618-618-full-20260612-120909\generated\JH507_generated.png,C:\Users\Administrator\Documents\珠宝白底图生成\outputs\jewelry-white-background\20260618-618-full-20260612-120909\white-bg\JH507_white_bg_watermarked.png,uploaded,FojObaTxyoqS9mxuYgKccK8LnWd,2026-06-12T12:39:21,C:\Users\Administrator\Documents\珠宝白底图生成\outputs\jewelry-white-background\20260618-618-full-20260612-120909
JH508,recvlsKG0lQL6J,设计款（2.5倍率）,Aq80bR5bsoI2afxFrCtcCDmgncf,jewelry-white-bg-JH508-20260612123458,C:\Users\Administrator\Documents\珠宝白底图生成\outputs\jewelry-white-background\20260618-618-full-20260612-120909\source\JH508_front.jpg,C:\Users\Administrator\Documents\珠宝白底图生成\outputs\jewelry-white-background\20260618-618-full-20260612-120909\generated\JH508_generated.png,C:\Users\Administrator\Documents\珠宝白底图生成\outputs\jewelry-white-background\20260618-618-full-20260612-120909\white-bg\JH508_white_bg_watermarked.png,uploaded,L0S4bBwcAolAcexcUbYcEjfHnXb,2026-06-12T12:39:24,C:\Users\Administrator\Documents\珠宝白底图生成\outputs\jewelry-white-background\20260618-618-full-20260612-120909
JH510,recvlsKG0lUS7B,1.7倍率,JGvAblqeUoQkdlxvySxcoYNln1g,jewelry-white-bg-JH510-20260612123503,C:\Users\Administrator\Documents\珠宝白底图生成\outputs\jewelry-white-background\20260618-618-full-20260612-120909\source\JH510_front.heic,C:\Users\Administrator\Documents\珠宝白底图生成\outputs\jewelry-white-background\20260618-618-full-20260612-120909\generated\JH510_generated.png,C:\Users\Administrator\Documents\珠宝白底图生成\outputs\jewelry-white-background\20260618-618-full-20260612-120909\white-bg\JH510_white_bg_watermarked.png,uploaded,NxesbGTwto4KVCxFWVocVFGQnTc,2026-06-12T12:39:27,C:\Users\Administrator\Documents\珠宝白底图生成\outputs\jewelry-white-background\20260618-618-full-20260612-120909
JH513,recvlytZXmVCfR,1.7倍率,T3mOb9fZbotXzjxIEZvcP7Gpn7f,jewelry-white-bg-JH513-20260612123510,C:\Users\Administrator\Documents\珠宝白底图生成\outputs\jewelry-white-background\20260618-618-full-20260612-120909\source\JH513_front.heic,C:\Users\Administrator\Documents\珠宝白底图生成\outputs\jewelry-white-background\20260618-618-full-20260612-120909\generated\JH513_generated.png,C:\Users\Administrator\Documents\珠宝白底图生成\outputs\jewelry-white-background\20260618-618-full-20260612-120909\white-bg\JH513_white_bg_watermarked.png,uploaded,JNaVbVTT7o5l2sxuLAtc0BoZnYc,2026-06-12T12:39:30,C:\Users\Administrator\Documents\珠宝白底图生成\outputs\jewelry-white-background\20260618-618-full-20260612-120909
JH517,recvlyA5ga62GY,设计款（2.5倍率）,NfnybPDhLo5PY8xmJmOcz3ivnMb,jewelry-white-bg-JH517-20260612123517,C:\Users\Administrator\Documents\珠宝白底图生成\outputs\jewelry-white-background\20260618-618-full-20260612-120909\source\JH517_front.jpg,C:\Users\Administrator\Documents\珠宝白底图生成\outputs\jewelry-white-background\20260618-618-full-20260612-120909\generated\JH517_generated.png,C:\Users\Administrator\Documents\珠宝白底图生成\outputs\jewelry-white-background\20260618-618-full-20260612-120909\white-bg\JH517_white_bg_watermarked.png,uploaded,ShCbb5OS2o3AumxfM6kcDyqmncf,2026-06-12T12:39:32,C:\Users\Administrator\Documents\珠宝白底图生成\outputs\jewelry-white-background\20260618-618-full-20260612-120909
JH518,recvlyA5gaCZXy,设计款（2.5倍率）,EJU5bhizHoXEG5xz7KJcCu9Pnzc,jewelry-white-bg-JH518-20260612123523,C:\Users\Administrator\Documents\珠宝白底图生成\outputs\jewelry-white-background\20260618-618-full-20260612-120909\source\JH518_front.heic,C:\Users\Administrator\Documents\珠宝白底图生成\outputs\jewelry-white-background\20260618-618-full-20260612-120909\generated\JH518_generated.png,C:\Users\Administrator\Documents\珠宝白底图生成\outputs\jewelry-white-background\20260618-618-full-20260612-120909\white-bg\JH518_white_bg_watermarked.png,uploaded,LNNEbHJVuoZXNdxd0OtcsSclndc,2026-06-12T12:39:35,C:\Users\Administrator\Documents\珠宝白底图生成\outputs\jewelry-white-background\20260618-618-full-20260612-120909
JH519,recvlyA5gam6sL,设计款（2.5倍率）,K6cDbIYAsok2wcxUwEdcR3ePnKh,jewelry-white-bg-JH519-20260612123542,C:\Users\Administrator\Documents\珠宝白底图生成\outputs\jewelry-white-background\20260618-618-full-20260612-120909\source\JH519_front.jpg,C:\Users\Administrator\Documents\珠宝白底图生成\outputs\jewelry-white-background\20260618-618-full-20260612-120909\generated\JH519_generated.png,C:\Users\Administrator\Documents\珠宝白底图生成\outputs\jewelry-white-background\20260618-618-full-20260612-120909\white-bg\JH519_white_bg_watermarked.png,uploaded,Zt2AbCPDiooJA1x5SF1cEPnqnv4,2026-06-12T12:39:38,C:\Users\Administrator\Documents\珠宝白底图生成\outputs\jewelry-white-background\20260618-618-full-20260612-120909
JH520,recvlyA5gawdt7,设计款（2.5倍率）,DEZZb0eY2ooxCCxqJGkcwyinn6W,jewelry-white-bg-JH520-20260612123549,C:\Users\Administrator\Documents\珠宝白底图生成\outputs\jewelry-white-background\20260618-618-full-20260612-120909\source\JH520_front.jpg,C:\Users\Administrator\Documents\珠宝白底图生成\outputs\jewelry-white-background\20260618-618-full-20260612-120909\generated\JH520_generated.png,C:\Users\Administrator\Documents\珠宝白底图生成\outputs\jewelry-white-background\20260618-618-full-20260612-120909\white-bg\JH520_white_bg_watermarked.png,uploaded,NZgmb8YfAoRR3rxtd9fcUXmTnvc,2026-06-12T12:39:41,C:\Users\Administrator\Documents\珠宝白底图生成\outputs\jewelry-white-background\20260618-618-full-20260612-120909
JH521,recvlyExTN9VBf,设计款（2.5倍率）,GvCrb2a37oXpKNxDwO3cXD0Yn9f,jewelry-white-bg-JH521-20260612123557,C:\Users\Administrator\Documents\珠宝白底图生成\outputs\jewelry-white-background\20260618-618-full-20260612-120909\source\JH521_front.jpg,C:\Users\Administrator\Documents\珠宝白底图生成\outputs\jewelry-white-background\20260618-618-full-20260612-120909\generated\JH521_generated.png,C:\Users\Administrator\Documents\珠宝白底图生成\outputs\jewelry-white-background\20260618-618-full-20260612-120909\white-bg\JH521_white_bg_watermarked.png,uploaded,DcjUb0EoUoD9QqxWNQ8c0a16npc,2026-06-12T12:39:43,C:\Users\Administrator\Documents\珠宝白底图生成\outputs\jewelry-white-background\20260618-618-full-20260612-120909
JH496,recvlsDw2vxs4c,设计款（2.5倍率）,B0aAb9E4moYJD9xAh5PcR5lFnub,jewelry-white-bg-JH496-20260612123430,C:\Users\Administrator\Documents\珠宝白底图生成\outputs\jewelry-white-background\20260618-618-full-20260612-120909\source\JH496_front.heic,C:\Users\Administrator\Documents\珠宝白底图生成\outputs\jewelry-white-background\20260618-618-full-20260612-120909\generated\JH496_generated.png,C:\Users\Administrator\Documents\珠宝白底图生成\outputs\jewelry-white-background\20260618-618-full-20260612-120909\white-bg\JH496_white_bg_watermarked.png,uploaded,SBLUbVk0BoOBRIx4sYpcIoFjnQc,2026-06-12T12:39:46,C:\Users\Administrator\Documents\珠宝白底图生成\outputs\jewelry-white-background\20260618-618-full-20260612-120909
JH522,recvlyEzt6s6ZP,设计款（2.5倍率）,Xccob2nZqoyLyfxODd9cxMFGnZe,jewelry-white-bg-JH522-20260612123948,C:\Users\Administrator\Documents\珠宝白底图生成\outputs\jewelry-white-background\20260618-618-full-20260612-120909\source\JH522_front.jpg,C:\Users\Administrator\Documents\珠宝白底图生成\outputs\jewelry-white-background\20260618-618-full-20260612-120909\generated\JH522_generated.png,C:\Users\Administrator\Documents\珠宝白底图生成\outputs\jewelry-white-background\20260618-618-full-20260612-120909\white-bg\JH522_white_bg_watermarked.png,uploaded,Hj7Gb1zvIoTTAFxINHxcwVQgnmg,2026-06-12T12:45:04,C:\Users\Administrator\Documents\珠宝白底图生成\outputs\jewelry-white-background\20260618-618-full-20260612-120909
JH523,recvlyEDj0QVCP,1.7倍率,B44cb6uB6oONOpxMbD5cB2mznBh,jewelry-white-bg-JH523-20260612123953,C:\Users\Administrator\Documents\珠宝白底图生成\outputs\jewelry-white-background\20260618-618-full-20260612-120909\source\JH523_front.jpg,C:\Users\Administrator\Documents\珠宝白底图生成\outputs\jewelry-white-background\20260618-618-full-20260612-120909\generated\JH523_generated.png,C:\Users\Administrator\Documents\珠宝白底图生成\outputs\jewelry-white-background\20260618-618-full-20260612-120909\white-bg\JH523_white_bg_watermarked.png,uploaded,MIVEbOic8o48QDxVUeFcIKKRnCd,2026-06-12T12:45:07,C:\Users\Administrator\Documents\珠宝白底图生成\outputs\jewelry-white-background\20260618-618-full-20260612-120909
JH525,recvlyEDj0iLHd,1.7倍率,ZDRBbaDsgo22qzx7imGcxzcIn7d,jewelry-white-bg-JH525-20260612123958,C:\Users\Administrator\Documents\珠宝白底图生成\outputs\jewelry-white-background\20260618-618-full-20260612-120909\source\JH525_front.jpg,C:\Users\Administrator\Documents\珠宝白底图生成\outputs\jewelry-white-background\20260618-618-full-20260612-120909\generated\JH525_generated.png,C:\Users\Administrator\Documents\珠宝白底图生成\outputs\jewelry-white-background\20260618-618-full-20260612-120909\white-bg\JH525_white_bg_watermarked.png,uploaded,Nxb3bxkC0op1mgxPDrVcw47unlf,2026-06-12T12:45:10,C:\Users\Administrator\Documents\珠宝白底图生成\outputs\jewelry-white-background\20260618-618-full-20260612-120909
JH526,recvlyEDj00lSj,设计款（2.5倍率）,DIFKbNOkQoDniUx95lscyQ36nHd,jewelry-white-bg-JH526-20260612124003,C:\Users\Administrator\Documents\珠宝白底图生成\outputs\jewelry-white-background\20260618-618-full-20260612-120909\source\JH526_front.heic,C:\Users\Administrator\Documents\珠宝白底图生成\outputs\jewelry-white-background\20260618-618-full-20260612-120909\generated\JH526_generated.png,C:\Users\Administrator\Documents\珠宝白底图生成\outputs\jewelry-white-background\20260618-618-full-20260612-120909\white-bg\JH526_white_bg_watermarked.png,uploaded,WhjYbdLcvog5h2xqL3CcTAX3nTg,2026-06-12T12:45:13,C:\Users\Administrator\Documents\珠宝白底图生成\outputs\jewelry-white-background\20260618-618-full-20260612-120909
JH533,recvlyYelmKDEB,设计款（2.5倍率）,MyzzbnNEsoPgh1xrSPrcVMLgnwg,jewelry-white-bg-JH533-20260612124010,C:\Users\Administrator\Documents\珠宝白底图生成\outputs\jewelry-white-background\20260618-618-full-20260612-120909\source\JH533_front.jpg,C:\Users\Administrator\Documents\珠宝白底图生成\outputs\jewelry-white-background\20260618-618-full-20260612-120909\generated\JH533_generated.png,C:\Users\Administrator\Documents\珠宝白底图生成\outputs\jewelry-white-background\20260618-618-full-20260612-120909\white-bg\JH533_white_bg_watermarked.png,uploaded,UtVvb20rXoQiuRx3BVGcmFrAnyf,2026-06-12T12:45:17,C:\Users\Administrator\Documents\珠宝白底图生成\outputs\jewelry-white-background\20260618-618-full-20260612-120909
JH534,recvlyYelm6OPR,设计款（2.5倍率）,BADjbdnlhoPqRsxvWv5cr44unTg,jewelry-white-bg-JH534-20260612124016,C:\Users\Administrator\Documents\珠宝白底图生成\outputs\jewelry-white-background\20260618-618-full-20260612-120909\source\JH534_front.jpg,C:\Users\Administrator\Documents\珠宝白底图生成\outputs\jewelry-white-background\20260618-618-full-20260612-120909\generated\JH534_generated.png,C:\Users\Administrator\Documents\珠宝白底图生成\outputs\jewelry-white-background\20260618-618-full-20260612-120909\white-bg\JH534_white_bg_watermarked.png,uploaded,Xsy6bQ1MzoMh4CxHLDzctNRpnec,2026-06-12T12:45:20,C:\Users\Administrator\Documents\珠宝白底图生成\outputs\jewelry-white-background\20260618-618-full-20260612-120909
JH536,recvlyYelmpWcf,设计款（2.5倍率）,YRk7bXlD8oR6DUxNncTckH60nVc,jewelry-white-bg-JH536-20260612124022,C:\Users\Administrator\Documents\珠宝白底图生成\outputs\jewelry-white-background\20260618-618-full-20260612-120909\source\JH536_front.jpg,C:\Users\Administrator\Documents\珠宝白底图生成\outputs\jewelry-white-background\20260618-618-full-20260612-120909\generated\JH536_generated.png,C:\Users\Administrator\Documents\珠宝白底图生成\outputs\jewelry-white-background\20260618-618-full-20260612-120909\white-bg\JH536_white_bg_watermarked.png,uploaded,N3L3bWtAeoozgWxUEeOcnkWpn2g,2026-06-12T12:45:23,C:\Users\Administrator\Documents\珠宝白底图生成\outputs\jewelry-white-background\20260618-618-full-20260612-120909
JH537,recvlyYelmF0ve,设计款（2.5倍率）,FMUAbn5VQopSyRxrPB3cady5ndf,jewelry-white-bg-JH537-20260612124028,C:\Users\Administrator\Documents\珠宝白底图生成\outputs\jewelry-white-background\20260618-618-full-20260612-120909\source\JH537_front.jpg,C:\Users\Administrator\Documents\珠宝白底图生成\outputs\jewelry-white-background\20260618-618-full-20260612-120909\generated\JH537_generated.png,C:\Users\Administrator\Documents\珠宝白底图生成\outputs\jewelry-white-background\20260618-618-full-20260612-120909\white-bg\JH537_white_bg_watermarked.png,uploaded,Dj64bocHWoH5OxxTTDqcOVKPnGh,2026-06-12T12:45:26,C:\Users\Administrator\Documents\珠宝白底图生成\outputs\jewelry-white-background\20260618-618-full-20260612-120909
JH538,recvlyYelmPiYW,设计款（2.5倍率）,HmVhb5QmkobhvOxrLvwcQLsonNe,jewelry-white-bg-JH538-20260612124034,C:\Users\Administrator\Documents\珠宝白底图生成\outputs\jewelry-white-background\20260618-618-full-20260612-120909\source\JH538_front.jpg,C:\Users\Administrator\Documents\珠宝白底图生成\outputs\jewelry-white-background\20260618-618-full-20260612-120909\generated\JH538_generated.png,C:\Users\Administrator\Documents\珠宝白底图生成\outputs\jewelry-white-background\20260618-618-full-20260612-120909\white-bg\JH538_white_bg_watermarked.png,uploaded,HbYbbVYDaok9z6xiUTQcVyHHn3e,2026-06-12T12:45:30,C:\Users\Administrator\Documents\珠宝白底图生成\outputs\jewelry-white-background\20260618-618-full-20260612-120909
JH539,recvlyYelmIcZR,设计款（2.5倍率）,MYRyb69dEovjG7xRSxhcEIsmnFM,jewelry-white-bg-JH539-20260612124039,C:\Users\Administrator\Documents\珠宝白底图生成\outputs\jewelry-white-background\20260618-618-full-20260612-120909\source\JH539_front.jpg,C:\Users\Administrator\Documents\珠宝白底图生成\outputs\jewelry-white-background\20260618-618-full-20260612-120909\generated\JH539_generated.png,C:\Users\Administrator\Documents\珠宝白底图生成\outputs\jewelry-white-background\20260618-618-full-20260612-120909\white-bg\JH539_white_bg_watermarked.png,uploaded,Of5KbfWKjod1LqxcGvxc9PoEnoh,2026-06-12T12:45:33,C:\Users\Administrator\Documents\珠宝白底图生成\outputs\jewelry-white-background\20260618-618-full-20260612-120909
JH545,recvlyYelmpK4d,,FAxobqHejowjojxvoV7cV7zMnMf,jewelry-white-bg-JH545-20260612124046,C:\Users\Administrator\Documents\珠宝白底图生成\outputs\jewelry-white-background\20260618-618-full-20260612-120909\source\JH545_front.jpg,C:\Users\Administrator\Documents\珠宝白底图生成\outputs\jewelry-white-background\20260618-618-full-20260612-120909\generated\JH545_generated.png,C:\Users\Administrator\Documents\珠宝白底图生成\outputs\jewelry-white-background\20260618-618-full-20260612-120909\white-bg\JH545_white_bg_watermarked.png,uploaded,KCsobdl3hoDVoNxocfxclzJTncf,2026-06-12T12:45:36,C:\Users\Administrator\Documents\珠宝白底图生成\outputs\jewelry-white-background\20260618-618-full-20260612-120909
JH546,recvlyYelmJgWR,,YgEmbUfRworWjIx0deCcmHZmnib,jewelry-white-bg-JH546-20260612124051,C:\Users\Administrator\Documents\珠宝白底图生成\outputs\jewelry-white-background\20260618-618-full-20260612-120909\source\JH546_front.jpg,C:\Users\Administrator\Documents\珠宝白底图生成\outputs\jewelry-white-background\20260618-618-full-20260612-120909\generated\JH546_generated.png,C:\Users\Administrator\Documents\珠宝白底图生成\outputs\jewelry-white-background\20260618-618-full-20260612-120909\white-bg\JH546_white_bg_watermarked.png,uploaded,EvnGbRPaooJ6gIxxI8GcjnPznuh,2026-06-12T12:45:39,C:\Users\Administrator\Documents\珠宝白底图生成\outputs\jewelry-white-background\20260618-618-full-20260612-120909
JH547,recvlyYelmbCd5,设计款（2.5倍率）,KWPObc4HioajVaxIzGXc5F8enic,jewelry-white-bg-JH547-20260612124541,C:\Users\Administrator\Documents\珠宝白底图生成\outputs\jewelry-white-background\20260618-618-full-20260612-120909\source\JH547_front.jpg,C:\Users\Administrator\Documents\珠宝白底图生成\outputs\jewelry-white-background\20260618-618-full-20260612-120909\generated\JH547_generated.png,C:\Users\Administrator\Documents\珠宝白底图生成\outputs\jewelry-white-background\20260618-618-full-20260612-120909\white-bg\JH547_white_bg_watermarked.png,uploaded,PA5Vblnqvo18HdxtdqecoCzBnRe,2026-06-12T12:52:04,C:\Users\Administrator\Documents\珠宝白底图生成\outputs\jewelry-white-background\20260618-618-full-20260612-120909
JH563,recvlWLnffKMfp,设计款（2.5倍率）,UrbhbB4wVok1P0xgSMdcMBPdnkh,jewelry-white-bg-JH563-20260612124558,C:\Users\Administrator\Documents\珠宝白底图生成\outputs\jewelry-white-background\20260618-618-full-20260612-120909\source\JH563_front.jpg,C:\Users\Administrator\Documents\珠宝白底图生成\outputs\jewelry-white-background\20260618-618-full-20260612-120909\generated\JH563_generated.png,C:\Users\Administrator\Documents\珠宝白底图生成\outputs\jewelry-white-background\20260618-618-full-20260612-120909\white-bg\JH563_white_bg_watermarked.png,uploaded,AsWzbrn3noT7GaxyR6ucqmhZnBh,2026-06-12T12:52:08,C:\Users\Administrator\Documents\珠宝白底图生成\outputs\jewelry-white-background\20260618-618-full-20260612-120909
JH548,recvlyYelmrTzj,设计款（2.5倍率）,Cm9PblxhcoGC6Yx3PIBczbxrnv2,jewelry-white-bg-JH548-20260612124546,C:\Users\Administrator\Documents\珠宝白底图生成\outputs\jewelry-white-background\20260618-618-full-20260612-120909\source\JH548_front.jpg,C:\Users\Administrator\Documents\珠宝白底图生成\outputs\jewelry-white-background\20260618-618-full-20260612-120909\generated\JH548_generated.png,C:\Users\Administrator\Documents\珠宝白底图生成\outputs\jewelry-white-background\20260618-618-full-20260612-120909\white-bg\JH548_white_bg_watermarked.png,uploaded,RDB6bY6jropn58xA6ygc8ZevnCf,2026-06-12T12:52:12,C:\Users\Administrator\Documents\珠宝白底图生成\outputs\jewelry-white-background\20260618-618-full-20260612-120909
JH549,recvlyYelmJqTc,设计款（2.5倍率）,OoHvbPUZEomJGixcjVBcQCITnBB,jewelry-white-bg-JH549-20260612124552,C:\Users\Administrator\Documents\珠宝白底图生成\outputs\jewelry-white-background\20260618-618-full-20260612-120909\source\JH549_front.jpg,C:\Users\Administrator\Documents\珠宝白底图生成\outputs\jewelry-white-background\20260618-618-full-20260612-120909\generated\JH549_generated.png,C:\Users\Administrator\Documents\珠宝白底图生成\outputs\jewelry-white-background\20260618-618-full-20260612-120909\white-bg\JH549_white_bg_watermarked.png,uploaded,WjBvbpUXQoKIdVx6UHTchMPunif,2026-06-12T12:52:15,C:\Users\Administrator\Documents\珠宝白底图生成\outputs\jewelry-white-background\20260618-618-full-20260612-120909
JH564,recvlWLnffiZ0O,设计款（2.5倍率）,Qcgib2MhQoJM7kxpBnecNEizngd,jewelry-white-bg-JH564-20260612124603,C:\Users\Administrator\Documents\珠宝白底图生成\outputs\jewelry-white-background\20260618-618-full-20260612-120909\source\JH564_front.jpg,C:\Users\Administrator\Documents\珠宝白底图生成\outputs\jewelry-white-background\20260618-618-full-20260612-120909\generated\JH564_generated.png,C:\Users\Administrator\Documents\珠宝白底图生成\outputs\jewelry-white-background\20260618-618-full-20260612-120909\white-bg\JH564_white_bg_watermarked.png,uploaded,YTrObSxLpozNxbx5htWcyCpDnZd,2026-06-12T12:52:19,C:\Users\Administrator\Documents\珠宝白底图生成\outputs\jewelry-white-background\20260618-618-full-20260612-120909
JH565,recvlWLnffcNmT,设计款（2.5倍率）,RrFIbV4COon0uMxINiwcrUIxnNg,jewelry-white-bg-JH565-20260612124609,C:\Users\Administrator\Documents\珠宝白底图生成\outputs\jewelry-white-background\20260618-618-full-20260612-120909\source\JH565_front.jpg,C:\Users\Administrator\Documents\珠宝白底图生成\outputs\jewelry-white-background\20260618-618-full-20260612-120909\generated\JH565_generated.png,C:\Users\Administrator\Documents\珠宝白底图生成\outputs\jewelry-white-background\20260618-618-full-20260612-120909\white-bg\JH565_white_bg_watermarked.png,uploaded,FjZmbdwycooutIx5JPAcHWPunoc,2026-06-12T12:52:22,C:\Users\Administrator\Documents\珠宝白底图生成\outputs\jewelry-white-background\20260618-618-full-20260612-120909
JH566,recvlWLnffmuGV,设计款（2.5倍率）,JlJQbGFJzoaX3rxobyac1LKDn6f,jewelry-white-bg-JH566-20260612124615,C:\Users\Administrator\Documents\珠宝白底图生成\outputs\jewelry-white-background\20260618-618-full-20260612-120909\source\JH566_front.jpg,C:\Users\Administrator\Documents\珠宝白底图生成\outputs\jewelry-white-background\20260618-618-full-20260612-120909\generated\JH566_generated.png,C:\Users\Administrator\Documents\珠宝白底图生成\outputs\jewelry-white-background\20260618-618-full-20260612-120909\white-bg\JH566_white_bg_watermarked.png,uploaded,Ay33bB2LzoK7D7xCb32cZ54Rnmd,2026-06-12T12:52:26,C:\Users\Administrator\Documents\珠宝白底图生成\outputs\jewelry-white-background\20260618-618-full-20260612-120909
JH567,recvlWLnffUjfr,设计款（2.5倍率）,TfR6bTMBUojbR4xDKwucwsaknmg,jewelry-white-bg-JH567-20260612124621,C:\Users\Administrator\Documents\珠宝白底图生成\outputs\jewelry-white-background\20260618-618-full-20260612-120909\source\JH567_front.jpg,C:\Users\Administrator\Documents\珠宝白底图生成\outputs\jewelry-white-background\20260618-618-full-20260612-120909\generated\JH567_generated.png,C:\Users\Administrator\Documents\珠宝白底图生成\outputs\jewelry-white-background\20260618-618-full-20260612-120909\white-bg\JH567_white_bg_watermarked.png,uploaded,HQhVbEhVnohqIMxfz5Wc1vBknnf,2026-06-12T12:52:29,C:\Users\Administrator\Documents\珠宝白底图生成\outputs\jewelry-white-background\20260618-618-full-20260612-120909
JH568,recvlWLnffyKFY,设计款（2.5倍率）,SXrEbEkD4o1ytuxaEixcLOaunRb,jewelry-white-bg-JH568-20260612124627,C:\Users\Administrator\Documents\珠宝白底图生成\outputs\jewelry-white-background\20260618-618-full-20260612-120909\source\JH568_front.jpg,C:\Users\Administrator\Documents\珠宝白底图生成\outputs\jewelry-white-background\20260618-618-full-20260612-120909\generated\JH568_generated.png,C:\Users\Administrator\Documents\珠宝白底图生成\outputs\jewelry-white-background\20260618-618-full-20260612-120909\white-bg\JH568_white_bg_watermarked.png,uploaded,OZqZbTfLDoI3voxvEzRctIgwnwg,2026-06-12T12:52:33,C:\Users\Administrator\Documents\珠宝白底图生成\outputs\jewelry-white-background\20260618-618-full-20260612-120909
JH600,recvlWLnfflhrz,1.7倍率,PMFTb3VlNoCTKmxXmFpckfQlnFg,jewelry-white-bg-JH600-20260612124632,C:\Users\Administrator\Documents\珠宝白底图生成\outputs\jewelry-white-background\20260618-618-full-20260612-120909\source\JH600_front.jpg,C:\Users\Administrator\Documents\珠宝白底图生成\outputs\jewelry-white-background\20260618-618-full-20260612-120909\generated\JH600_generated.png,C:\Users\Administrator\Documents\珠宝白底图生成\outputs\jewelry-white-background\20260618-618-full-20260612-120909\white-bg\JH600_white_bg_watermarked.png,uploaded,L1QUbh8rWocGUwxTWRNcVIGcnWh,2026-06-12T12:52:37,C:\Users\Administrator\Documents\珠宝白底图生成\outputs\jewelry-white-background\20260618-618-full-20260612-120909
JH601,recvlWLnffamEt,设计款（2.5倍率）,JKQzbiaNKo70dpxqaELcDf3inWg,jewelry-white-bg-JH601-20260612124639,C:\Users\Administrator\Documents\珠宝白底图生成\outputs\jewelry-white-background\20260618-618-full-20260612-120909\source\JH601_front.jpg,C:\Users\Administrator\Documents\珠宝白底图生成\outputs\jewelry-white-background\20260618-618-full-20260612-120909\generated\JH601_generated.png,C:\Users\Administrator\Documents\珠宝白底图生成\outputs\jewelry-white-background\20260618-618-full-20260612-120909\white-bg\JH601_white_bg_watermarked.png,uploaded,SZmQbdKiuoFUzwxNTwsczcqunuW,2026-06-12T12:52:40,C:\Users\Administrator\Documents\珠宝白底图生成\outputs\jewelry-white-background\20260618-618-full-20260612-120909
JH602,recvlWLnffdjDe,设计款（2.5倍率）,LoI1b7RfFoXa9FxZUtlcK14Bn5g,jewelry-white-bg-JH602-20260612124644,C:\Users\Administrator\Documents\珠宝白底图生成\outputs\jewelry-white-background\20260618-618-full-20260612-120909\source\JH602_front.heic,C:\Users\Administrator\Documents\珠宝白底图生成\outputs\jewelry-white-background\20260618-618-full-20260612-120909\generated\JH602_generated.png,C:\Users\Administrator\Documents\珠宝白底图生成\outputs\jewelry-white-background\20260618-618-full-20260612-120909\white-bg\JH602_white_bg_watermarked.png,uploaded,UwWJbeN8uo9fdSxmI7OcrzNynef,2026-06-12T12:52:44,C:\Users\Administrator\Documents\珠宝白底图生成\outputs\jewelry-white-background\20260618-618-full-20260612-120909
JH603,recvlWLnffb3qi,设计款（2.5倍率）,JOMFb84rGoJumixqkhSc4kqcnmh,jewelry-white-bg-JH603-20260612125245,C:\Users\Administrator\Documents\珠宝白底图生成\outputs\jewelry-white-background\20260618-618-full-20260612-120909\source\JH603_front.heic,C:\Users\Administrator\Documents\珠宝白底图生成\outputs\jewelry-white-background\20260618-618-full-20260612-120909\generated\JH603_generated.png,C:\Users\Administrator\Documents\珠宝白底图生成\outputs\jewelry-white-background\20260618-618-full-20260612-120909\white-bg\JH603_white_bg_watermarked.png,uploaded,NgTfbQoWqoJXIMx1jVEcbmMGnxc,2026-06-12T12:58:12,C:\Users\Administrator\Documents\珠宝白底图生成\outputs\jewelry-white-background\20260618-618-full-20260612-120909
JH604,recvlWLnffYSEX,设计款（2.5倍率）,Md9rba4mSo6nzTxjEZnc06XZnSr,jewelry-white-bg-JH604-20260612125254,C:\Users\Administrator\Documents\珠宝白底图生成\outputs\jewelry-white-background\20260618-618-full-20260612-120909\source\JH604_front.heic,C:\Users\Administrator\Documents\珠宝白底图生成\outputs\jewelry-white-background\20260618-618-full-20260612-120909\generated\JH604_generated.png,C:\Users\Administrator\Documents\珠宝白底图生成\outputs\jewelry-white-background\20260618-618-full-20260612-120909\white-bg\JH604_white_bg_watermarked.png,uploaded,IIWWbNDhDonmIsxfaFscfnfAnif,2026-06-12T12:58:14,C:\Users\Administrator\Documents\珠宝白底图生成\outputs\jewelry-white-background\20260618-618-full-20260612-120909
JH607,recvlWLnffAapI,1.7倍率,MD11bmMHdolrIPxSNJPcn0yNn6c,jewelry-white-bg-JH607-20260612125301,C:\Users\Administrator\Documents\珠宝白底图生成\outputs\jewelry-white-background\20260618-618-full-20260612-120909\source\JH607_front.jpg,C:\Users\Administrator\Documents\珠宝白底图生成\outputs\jewelry-white-background\20260618-618-full-20260612-120909\generated\JH607_generated.png,C:\Users\Administrator\Documents\珠宝白底图生成\outputs\jewelry-white-background\20260618-618-full-20260612-120909\white-bg\JH607_white_bg_watermarked.png,uploaded,QtUGbPd56oukKkxfQ07cyLO0nqd,2026-06-12T12:58:17,C:\Users\Administrator\Documents\珠宝白底图生成\outputs\jewelry-white-background\20260618-618-full-20260612-120909
JH608,recvlWLnff3CvP,1.7倍率,XsYjbLBIwoiaMqxml3McJHhpnBd,jewelry-white-bg-JH608-20260612125307,C:\Users\Administrator\Documents\珠宝白底图生成\outputs\jewelry-white-background\20260618-618-full-20260612-120909\source\JH608_front.jpg,C:\Users\Administrator\Documents\珠宝白底图生成\outputs\jewelry-white-background\20260618-618-full-20260612-120909\generated\JH608_generated.png,C:\Users\Administrator\Documents\珠宝白底图生成\outputs\jewelry-white-background\20260618-618-full-20260612-120909\white-bg\JH608_white_bg_watermarked.png,uploaded,ZOP1b2VJYoDly7x0GyUcq9VOn1e,2026-06-12T12:58:20,C:\Users\Administrator\Documents\珠宝白底图生成\outputs\jewelry-white-background\20260618-618-full-20260612-120909
JH617,recvlYbIQ6emyu,1.7倍率,GJNrb9PyUolcdQxohvrcEI6VnAe,jewelry-white-bg-JH617-20260612125319,C:\Users\Administrator\Documents\珠宝白底图生成\outputs\jewelry-white-background\20260618-618-full-20260612-120909\source\JH617_front.heic,C:\Users\Administrator\Documents\珠宝白底图生成\outputs\jewelry-white-background\20260618-618-full-20260612-120909\generated\JH617_generated.png,C:\Users\Administrator\Documents\珠宝白底图生成\outputs\jewelry-white-background\20260618-618-full-20260612-120909\white-bg\JH617_white_bg_watermarked.png,uploaded,WNhWbZGR5od6sFxwy8Rc15FJnSU,2026-06-12T12:58:22,C:\Users\Administrator\Documents\珠宝白底图生成\outputs\jewelry-white-background\20260618-618-full-20260612-120909
JH627,recvm1y663PJoL,设计款（2.5倍率）,MdCobRMU8ok5pvxoJqoc3lOHnFe,jewelry-white-bg-JH627-20260612125326,C:\Users\Administrator\Documents\珠宝白底图生成\outputs\jewelry-white-background\20260618-618-full-20260612-120909\source\JH627_front.heic,C:\Users\Administrator\Documents\珠宝白底图生成\outputs\jewelry-white-background\20260618-618-full-20260612-120909\generated\JH627_generated.png,C:\Users\Administrator\Documents\珠宝白底图生成\outputs\jewelry-white-background\20260618-618-full-20260612-120909\white-bg\JH627_white_bg_watermarked.png,uploaded,EkSKbFazGoksJixU0EwcGEOan2g,2026-06-12T12:58:25,C:\Users\Administrator\Documents\珠宝白底图生成\outputs\jewelry-white-background\20260618-618-full-20260612-120909
JH628,recvm1y663Ptc8,设计款（2.5倍率）,LExQbCdRMoF4EBxvtVhckdo1nyh,jewelry-white-bg-JH628-20260612125337,C:\Users\Administrator\Documents\珠宝白底图生成\outputs\jewelry-white-background\20260618-618-full-20260612-120909\source\JH628_front.heic,C:\Users\Administrator\Documents\珠宝白底图生成\outputs\jewelry-white-background\20260618-618-full-20260612-120909\generated\JH628_generated.png,C:\Users\Administrator\Documents\珠宝白底图生成\outputs\jewelry-white-background\20260618-618-full-20260612-120909\white-bg\JH628_white_bg_watermarked.png,uploaded,PjvQbkTtsoQkroxhMDccgAivn1c,2026-06-12T12:58:28,C:\Users\Administrator\Documents\珠宝白底图生成\outputs\jewelry-white-background\20260618-618-full-20260612-120909
JH629,recvm1y663dWan,设计款（2.5倍率）,C535bxiR5oU5jRx6HITcHfBOnQh,jewelry-white-bg-JH629-20260612125343,C:\Users\Administrator\Documents\珠宝白底图生成\outputs\jewelry-white-background\20260618-618-full-20260612-120909\source\JH629_front.heic,C:\Users\Administrator\Documents\珠宝白底图生成\outputs\jewelry-white-background\20260618-618-full-20260612-120909\generated\JH629_generated.png,C:\Users\Administrator\Documents\珠宝白底图生成\outputs\jewelry-white-background\20260618-618-full-20260612-120909\white-bg\JH629_white_bg_watermarked.png,uploaded,CDOAbDWoVoDouGxOGPlcs634nOh,2026-06-12T12:58:31,C:\Users\Administrator\Documents\珠宝白底图生成\outputs\jewelry-white-background\20260618-618-full-20260612-120909
JH630,recvm1Y3QGrmuj,设计款（2.5倍率）,TjqCbAivaofQjhxJkQPcUEVXndc,jewelry-white-bg-JH630-20260612125351,C:\Users\Administrator\Documents\珠宝白底图生成\outputs\jewelry-white-background\20260618-618-full-20260612-120909\source\JH630_front.heic,C:\Users\Administrator\Documents\珠宝白底图生成\outputs\jewelry-white-background\20260618-618-full-20260612-120909\generated\JH630_generated.png,C:\Users\Administrator\Documents\珠宝白底图生成\outputs\jewelry-white-background\20260618-618-full-20260612-120909\white-bg\JH630_white_bg_watermarked.png,uploaded,EBSNbx2SXoUp1Vx2FlNc6Bjvnzd,2026-06-12T12:58:34,C:\Users\Administrator\Documents\珠宝白底图生成\outputs\jewelry-white-background\20260618-618-full-20260612-120909
JH637,recvm2wQ58xXQA,设计款（2.5倍率）,ZFt7bRUAJohzZPxZmIDcQXkpnAg,jewelry-white-bg-JH637-20260612125357,C:\Users\Administrator\Documents\珠宝白底图生成\outputs\jewelry-white-background\20260618-618-full-20260612-120909\source\JH637_front.heic,C:\Users\Administrator\Documents\珠宝白底图生成\outputs\jewelry-white-background\20260618-618-full-20260612-120909\generated\JH637_generated.png,C:\Users\Administrator\Documents\珠宝白底图生成\outputs\jewelry-white-background\20260618-618-full-20260612-120909\white-bg\JH637_white_bg_watermarked.png,uploaded,TIIPbl8TPoXJr8xACuhct2klncf,2026-06-12T12:58:36,C:\Users\Administrator\Documents\珠宝白底图生成\outputs\jewelry-white-background\20260618-618-full-20260612-120909
JH638,recvm2yFRMFZ1H,设计款（2.5倍率）,Eu8qbJF3Kog7SDxh3tKceAETnDf,jewelry-white-bg-JH638-20260612125404,C:\Users\Administrator\Documents\珠宝白底图生成\outputs\jewelry-white-background\20260618-618-full-20260612-120909\source\JH638_front.heic,C:\Users\Administrator\Documents\珠宝白底图生成\outputs\jewelry-white-background\20260618-618-full-20260612-120909\generated\JH638_generated.png,C:\Users\Administrator\Documents\珠宝白底图生成\outputs\jewelry-white-background\20260618-618-full-20260612-120909\white-bg\JH638_white_bg_watermarked.png,uploaded,J7HRbj7cOor8EQxtaN4ciRsZn2b,2026-06-12T12:58:39,C:\Users\Administrator\Documents\珠宝白底图生成\outputs\jewelry-white-background\20260618-618-full-20260612-120909
JH614,recvlY7sjM5Zjj,,Eqt6bdoM7oYcnzxA1Okcsq0Enlc,jewelry-white-bg-JH614-20260612125313,C:\Users\Administrator\Documents\珠宝白底图生成\outputs\jewelry-white-background\20260618-618-full-20260612-120909\source\JH614_front.heic,C:\Users\Administrator\Documents\珠宝白底图生成\outputs\jewelry-white-background\20260618-618-full-20260612-120909\generated\JH614_generated.png,C:\Users\Administrator\Documents\珠宝白底图生成\outputs\jewelry-white-background\20260618-618-full-20260612-120909\white-bg\JH614_white_bg_watermarked.png,uploaded,CxClb1VMZolB2Nx1mlgc03eanTc,2026-06-12T12:58:42,C:\Users\Administrator\Documents\珠宝白底图生成\outputs\jewelry-white-background\20260618-618-full-20260612-120909
JH647,recvm2yKcBuJ4D,1.7倍率,AKwMbrmg2o8g1WxweFCcS3cwn0g,jewelry-white-bg-JH647-20260612125858,C:\Users\Administrator\Documents\珠宝白底图生成\outputs\jewelry-white-background\20260618-618-full-20260612-120909\source\JH647_front.jpg,C:\Users\Administrator\Documents\珠宝白底图生成\outputs\jewelry-white-background\20260618-618-full-20260612-120909\generated\JH647_generated.png,C:\Users\Administrator\Documents\珠宝白底图生成\outputs\jewelry-white-background\20260618-618-full-20260612-120909\white-bg\JH647_white_bg_watermarked.png,uploaded,XWobbEmtHooCJFxfY3wcurcPnEc,2026-06-12T13:04:07,C:\Users\Administrator\Documents\珠宝白底图生成\outputs\jewelry-white-background\20260618-618-full-20260612-120909
JH650,recvm2yKcBU5Ah,工具款,S81rbws8OoOK8vxWWYQcXYm8nce,jewelry-white-bg-JH650-20260612125903,C:\Users\Administrator\Documents\珠宝白底图生成\outputs\jewelry-white-background\20260618-618-full-20260612-120909\source\JH650_front.jpg,C:\Users\Administrator\Documents\珠宝白底图生成\outputs\jewelry-white-background\20260618-618-full-20260612-120909\generated\JH650_generated.png,C:\Users\Administrator\Documents\珠宝白底图生成\outputs\jewelry-white-background\20260618-618-full-20260612-120909\white-bg\JH650_white_bg_watermarked.png,uploaded,NjLdbYEy2o9MNsx1PD6cbJjPndf,2026-06-12T13:04:10,C:\Users\Administrator\Documents\珠宝白底图生成\outputs\jewelry-white-background\20260618-618-full-20260612-120909
JH920,recvmdHcKwPqyQ,设计款（2.5倍率）,BK7UbeUomoTauYxBuRLc2uQRnpf,jewelry-white-bg-JH920-20260612125909,C:\Users\Administrator\Documents\珠宝白底图生成\outputs\jewelry-white-background\20260618-618-full-20260612-120909\source\JH920_front.jpg,C:\Users\Administrator\Documents\珠宝白底图生成\outputs\jewelry-white-background\20260618-618-full-20260612-120909\generated\JH920_generated.png,C:\Users\Administrator\Documents\珠宝白底图生成\outputs\jewelry-white-background\20260618-618-full-20260612-120909\white-bg\JH920_white_bg_watermarked.png,uploaded,SA34bXgY9o54mtxUX3Lclxhcn7e,2026-06-12T13:04:13,C:\Users\Administrator\Documents\珠宝白底图生成\outputs\jewelry-white-background\20260618-618-full-20260612-120909
JH921,recvmdHcKw6nND,设计款（2.5倍率）,NHL3baQT1ofp3CxU9pMcHCSunAf,jewelry-white-bg-JH921-20260612125914,C:\Users\Administrator\Documents\珠宝白底图生成\outputs\jewelry-white-background\20260618-618-full-20260612-120909\source\JH921_front.jpg,C:\Users\Administrator\Documents\珠宝白底图生成\outputs\jewelry-white-background\20260618-618-full-20260612-120909\generated\JH921_generated.png,C:\Users\Administrator\Documents\珠宝白底图生成\outputs\jewelry-white-background\20260618-618-full-20260612-120909\white-bg\JH921_white_bg_watermarked.png,uploaded,HCILbUtCVo5gm5x9pgfc0WbDnmc,2026-06-12T13:04:15,C:\Users\Administrator\Documents\珠宝白底图生成\outputs\jewelry-white-background\20260618-618-full-20260612-120909
JH922,recvmdHcKwLUyO,设计款（2.5倍率）,MmMSbLfUgolBCuxw9itcI92Qnvg,jewelry-white-bg-JH922-20260612125920,C:\Users\Administrator\Documents\珠宝白底图生成\outputs\jewelry-white-background\20260618-618-full-20260612-120909\source\JH922_front.jpg,C:\Users\Administrator\Documents\珠宝白底图生成\outputs\jewelry-white-background\20260618-618-full-20260612-120909\generated\JH922_generated.png,C:\Users\Administrator\Documents\珠宝白底图生成\outputs\jewelry-white-background\20260618-618-full-20260612-120909\white-bg\JH922_white_bg_watermarked.png,uploaded,Rdiwb909LolOz4xNadhcRj3FnFd,2026-06-12T13:04:19,C:\Users\Administrator\Documents\珠宝白底图生成\outputs\jewelry-white-background\20260618-618-full-20260612-120909
JH923,recvmdHcKwy1bx,设计款（2.5倍率）,MZ9Tb02ZQoUCBRx80lpcrmPrnyd,jewelry-white-bg-JH923-20260612125927,C:\Users\Administrator\Documents\珠宝白底图生成\outputs\jewelry-white-background\20260618-618-full-20260612-120909\source\JH923_front.jpg,C:\Users\Administrator\Documents\珠宝白底图生成\outputs\jewelry-white-background\20260618-618-full-20260612-120909\generated\JH923_generated.png,C:\Users\Administrator\Documents\珠宝白底图生成\outputs\jewelry-white-background\20260618-618-full-20260612-120909\white-bg\JH923_white_bg_watermarked.png,uploaded,Es8dbbSjIoKCtcxLx0rc1FZ9n33,2026-06-12T13:04:22,C:\Users\Administrator\Documents\珠宝白底图生成\outputs\jewelry-white-background\20260618-618-full-20260612-120909
JH924,recvmdHcKwRyWF,设计款（2.5倍率）,VvJJbE5e4ofSDmxCg7qcDCjQnlb,jewelry-white-bg-JH924-20260612125936,C:\Users\Administrator\Documents\珠宝白底图生成\outputs\jewelry-white-background\20260618-618-full-20260612-120909\source\JH924_front.jpg,C:\Users\Administrator\Documents\珠宝白底图生成\outputs\jewelry-white-background\20260618-618-full-20260612-120909\generated\JH924_generated.png,C:\Users\Administrator\Documents\珠宝白底图生成\outputs\jewelry-white-background\20260618-618-full-20260612-120909\white-bg\JH924_white_bg_watermarked.png,uploaded,U0hEbu0y7ocX2PxaKMycBS7Tnwd,2026-06-12T13:04:25,C:\Users\Administrator\Documents\珠宝白底图生成\outputs\jewelry-white-background\20260618-618-full-20260612-120909
JH925,recvmdPvsBG3Pu,设计款（2.5倍率）,KGZBbHvL3owZvOxCWUGcD5mJnK1,jewelry-white-bg-JH925-20260612125941,C:\Users\Administrator\Documents\珠宝白底图生成\outputs\jewelry-white-background\20260618-618-full-20260612-120909\source\JH925_front.jpg,C:\Users\Administrator\Documents\珠宝白底图生成\outputs\jewelry-white-background\20260618-618-full-20260612-120909\generated\JH925_generated.png,C:\Users\Administrator\Documents\珠宝白底图生成\outputs\jewelry-white-background\20260618-618-full-20260612-120909\white-bg\JH925_white_bg_watermarked.png,uploaded,V8WbbJbSLo2Fz6x1Kt2coZPkn8e,2026-06-12T13:04:27,C:\Users\Administrator\Documents\珠宝白底图生成\outputs\jewelry-white-background\20260618-618-full-20260612-120909
JH926,recvmdPAYRM6GE,设计款（2.5倍率）,JVPsbRbttolNYIxwDW3cFbnCnce,jewelry-white-bg-JH926-20260612125947,C:\Users\Administrator\Documents\珠宝白底图生成\outputs\jewelry-white-background\20260618-618-full-20260612-120909\source\JH926_front.jpg,C:\Users\Administrator\Documents\珠宝白底图生成\outputs\jewelry-white-background\20260618-618-full-20260612-120909\generated\JH926_generated.png,C:\Users\Administrator\Documents\珠宝白底图生成\outputs\jewelry-white-background\20260618-618-full-20260612-120909\white-bg\JH926_white_bg_watermarked.png,uploaded,CROHbNnxWoAdeHx0zvecpg8Unsf,2026-06-12T13:04:30,C:\Users\Administrator\Documents\珠宝白底图生成\outputs\jewelry-white-background\20260618-618-full-20260612-120909
JH927,recvmdPEdFcPK7,设计款（2.5倍率）,STBjbH3yAoKC6gxj5c7cHEKNnUd,jewelry-white-bg-JH927-20260612125953,C:\Users\Administrator\Documents\珠宝白底图生成\outputs\jewelry-white-background\20260618-618-full-20260612-120909\source\JH927_front.jpg,C:\Users\Administrator\Documents\珠宝白底图生成\outputs\jewelry-white-background\20260618-618-full-20260612-120909\generated\JH927_generated.png,C:\Users\Administrator\Documents\珠宝白底图生成\outputs\jewelry-white-background\20260618-618-full-20260612-120909\white-bg\JH927_white_bg_watermarked.png,uploaded,SQLTbtt1NoaMP0xc1Q6ctJE6n0f,2026-06-12T13:04:33,C:\Users\Administrator\Documents\珠宝白底图生成\outputs\jewelry-white-background\20260618-618-full-20260612-120909
JH639,recvm2yKcB9FDK,设计款（2.5倍率）,DlNEbXRhWopzTExIgJbcuMhwnZW,jewelry-white-bg-JH639-20260612125844,C:\Users\Administrator\Documents\珠宝白底图生成\outputs\jewelry-white-background\20260618-618-full-20260612-120909\source\JH639_front.heic,C:\Users\Administrator\Documents\珠宝白底图生成\outputs\jewelry-white-background\20260618-618-full-20260612-120909\generated\JH639_generated.png,C:\Users\Administrator\Documents\珠宝白底图生成\outputs\jewelry-white-background\20260618-618-full-20260612-120909\white-bg\JH639_white_bg_watermarked.png,uploaded,Kwffbbcwson7mbxoceKc7iOWnWe,2026-06-12T13:04:36,C:\Users\Administrator\Documents\珠宝白底图生成\outputs\jewelry-white-background\20260618-618-full-20260612-120909
JH640,recvm2yKcB9DBi,设计款（2.5倍率）,BoIlbNtuBoB3b1xQsgmcWzwXnPf,jewelry-white-bg-JH640-20260612125850,C:\Users\Administrator\Documents\珠宝白底图生成\outputs\jewelry-white-background\20260618-618-full-20260612-120909\source\JH640_front.heic,C:\Users\Administrator\Documents\珠宝白底图生成\outputs\jewelry-white-background\20260618-618-full-20260612-120909\generated\JH640_generated.png,C:\Users\Administrator\Documents\珠宝白底图生成\outputs\jewelry-white-background\20260618-618-full-20260612-120909\white-bg\JH640_white_bg_watermarked.png,uploaded,CbRLbJg0co5mNFxBAbQc0uoTnfh,2026-06-12T13:04:38,C:\Users\Administrator\Documents\珠宝白底图生成\outputs\jewelry-white-background\20260618-618-full-20260612-120909
JH029,recvlhs9Fzn1LP,HEIC重跑替换,,jewelry-white-bg-heicfix-JH029-20260612135349,C:\Users\Administrator\Documents\珠宝白底图生成\outputs\jewelry-white-background\20260618-618-full-20260612-120909\source\JH029_front.heic,C:\Users\Administrator\Documents\珠宝白底图生成\outputs\jewelry-white-background\20260618-618-heic-rerun-20260612-135152\generated\JH029_generated.png,C:\Users\Administrator\Documents\珠宝白底图生成\outputs\jewelry-white-background\20260618-618-heic-rerun-20260612-135152\white-bg\JH029_white_bg_watermarked.png,uploaded,H7SOblOkyov49kxbOvEccuOinkb,2026-06-12T13:57:03,C:\Users\Administrator\Documents\珠宝白底图生成\outputs\jewelry-white-background\20260618-618-heic-rerun-20260612-135152
JH030,recvlhs9Fz3xk6,HEIC重跑替换,,jewelry-white-bg-heicfix-JH030-20260612135353,C:\Users\Administrator\Documents\珠宝白底图生成\outputs\jewelry-white-background\20260618-618-full-20260612-120909\source\JH030_front.heic,C:\Users\Administrator\Documents\珠宝白底图生成\outputs\jewelry-white-background\20260618-618-heic-rerun-20260612-135152\generated\JH030_generated.png,C:\Users\Administrator\Documents\珠宝白底图生成\outputs\jewelry-white-background\20260618-618-heic-rerun-20260612-135152\white-bg\JH030_white_bg_watermarked.png,uploaded,Uj8ibpnsPoZPClxo2OdcfU3Anfh,2026-06-12T13:57:07,C:\Users\Administrator\Documents\珠宝白底图生成\outputs\jewelry-white-background\20260618-618-heic-rerun-20260612-135152
JH477,recvlmw3AoXUp7,HEIC重跑替换,,jewelry-white-bg-heicfix-JH477-20260612135400,C:\Users\Administrator\Documents\珠宝白底图生成\outputs\jewelry-white-background\20260618-618-full-20260612-120909\source\JH477_front.heic,C:\Users\Administrator\Documents\珠宝白底图生成\outputs\jewelry-white-background\20260618-618-heic-rerun-20260612-135152\generated\JH477_generated.png,C:\Users\Administrator\Documents\珠宝白底图生成\outputs\jewelry-white-background\20260618-618-heic-rerun-20260612-135152\white-bg\JH477_white_bg_watermarked.png,uploaded,UhvGbsVUgof1QQxgUeScG3rwnRh,2026-06-12T13:57:12,C:\Users\Administrator\Documents\珠宝白底图生成\outputs\jewelry-white-background\20260618-618-heic-rerun-20260612-135152
JH478,recvlmw3Aoa8K8,HEIC重跑替换,,jewelry-white-bg-heicfix-JH478-20260612135408,C:\Users\Administrator\Documents\珠宝白底图生成\outputs\jewelry-white-background\20260618-618-full-20260612-120909\source\JH478_front.heic,C:\Users\Administrator\Documents\珠宝白底图生成\outputs\jewelry-white-background\20260618-618-heic-rerun-20260612-135152\generated\JH478_generated.png,C:\Users\Administrator\Documents\珠宝白底图生成\outputs\jewelry-white-background\20260618-618-heic-rerun-20260612-135152\white-bg\JH478_white_bg_watermarked.png,uploaded,BQh4bUXKio6jQJxMBT2cYEDqnqc,2026-06-12T13:57:16,C:\Users\Administrator\Documents\珠宝白底图生成\outputs\jewelry-white-background\20260618-618-heic-rerun-20260612-135152
JH480,recvlmw3AoMNu7,HEIC重跑替换,,jewelry-white-bg-heicfix-JH480-20260612135416,C:\Users\Administrator\Documents\珠宝白底图生成\outputs\jewelry-white-background\20260618-618-full-20260612-120909\source\JH480_front.heic,C:\Users\Administrator\Documents\珠宝白底图生成\outputs\jewelry-white-background\20260618-618-heic-rerun-20260612-135152\generated\JH480_generated.png,C:\Users\Administrator\Documents\珠宝白底图生成\outputs\jewelry-white-background\20260618-618-heic-rerun-20260612-135152\white-bg\JH480_white_bg_watermarked.png,uploaded,AxTgbXY56oM1jrxtFTEcQ50DnJb,2026-06-12T13:57:22,C:\Users\Administrator\Documents\珠宝白底图生成\outputs\jewelry-white-background\20260618-618-heic-rerun-20260612-135152
JH022,recvlhs7P62Cic,HEIC重跑替换,,jewelry-white-bg-heicfix-JH022-20260612135336,C:\Users\Administrator\Documents\珠宝白底图生成\outputs\jewelry-white-background\20260618-618-full-20260612-120909\source\JH022_front.heic,C:\Users\Administrator\Documents\珠宝白底图生成\outputs\jewelry-white-background\20260618-618-heic-rerun-20260612-135152\generated\JH022_generated.png,C:\Users\Administrator\Documents\珠宝白底图生成\outputs\jewelry-white-background\20260618-618-heic-rerun-20260612-135152\white-bg\JH022_white_bg_watermarked.png,uploaded,LUfBberD2o0T0uxAUv3cir3xnyh,2026-06-12T13:57:26,C:\Users\Administrator\Documents\珠宝白底图生成\outputs\jewelry-white-background\20260618-618-heic-rerun-20260612-135152
JH023,recvlhs9Fzvt2T,HEIC重跑替换,,jewelry-white-bg-heicfix-JH023-20260612135341,C:\Users\Administrator\Documents\珠宝白底图生成\outputs\jewelry-white-background\20260618-618-full-20260612-120909\source\JH023_front.heic,C:\Users\Administrator\Documents\珠宝白底图生成\outputs\jewelry-white-background\20260618-618-heic-rerun-20260612-135152\generated\JH023_generated.png,C:\Users\Administrator\Documents\珠宝白底图生成\outputs\jewelry-white-background\20260618-618-heic-rerun-20260612-135152\white-bg\JH023_white_bg_watermarked.png,uploaded,GHQAbEiQBoUZEax4fb5cWfV1nof,2026-06-12T13:57:31,C:\Users\Administrator\Documents\珠宝白底图生成\outputs\jewelry-white-background\20260618-618-heic-rerun-20260612-135152
JH024,recvlhs9FzkVpz,HEIC重跑替换,,jewelry-white-bg-heicfix-JH024-20260612135345,C:\Users\Administrator\Documents\珠宝白底图生成\outputs\jewelry-white-background\20260618-618-full-20260612-120909\source\JH024_front.heic,C:\Users\Administrator\Documents\珠宝白底图生成\outputs\jewelry-white-background\20260618-618-heic-rerun-20260612-135152\generated\JH024_generated.png,C:\Users\Administrator\Documents\珠宝白底图生成\outputs\jewelry-white-background\20260618-618-heic-rerun-20260612-135152\white-bg\JH024_white_bg_watermarked.png,uploaded,Yk5zbjT8Go1Ihix8KNXcHCK0nre,2026-06-12T13:57:35,C:\Users\Administrator\Documents\珠宝白底图生成\outputs\jewelry-white-background\20260618-618-heic-rerun-20260612-135152
JH479,recvlmw3AoMDvC,HEIC重跑替换,,jewelry-white-bg-heicfix-JH479-20260612135412,C:\Users\Administrator\Documents\珠宝白底图生成\outputs\jewelry-white-background\20260618-618-full-20260612-120909\source\JH479_front.heic,C:\Users\Administrator\Documents\珠宝白底图生成\outputs\jewelry-white-background\20260618-618-heic-rerun-20260612-135152\generated\JH479_generated.png,C:\Users\Administrator\Documents\珠宝白底图生成\outputs\jewelry-white-background\20260618-618-heic-rerun-20260612-135152\white-bg\JH479_white_bg_watermarked.png,uploaded,RH72bisPDodz1jxWXuccGz3Cn4g,2026-06-12T13:57:39,C:\Users\Administrator\Documents\珠宝白底图生成\outputs\jewelry-white-background\20260618-618-heic-rerun-20260612-135152
JH476,recvlmw3AoZM2M,HEIC重跑替换,,jewelry-white-bg-heicfix-JH476-20260612135356,C:\Users\Administrator\Documents\珠宝白底图生成\outputs\jewelry-white-background\20260618-618-full-20260612-120909\source\JH476_front.heic,C:\Users\Administrator\Documents\珠宝白底图生成\outputs\jewelry-white-background\20260618-618-heic-rerun-20260612-135152\generated\JH476_generated.png,C:\Users\Administrator\Documents\珠宝白底图生成\outputs\jewelry-white-background\20260618-618-heic-rerun-20260612-135152\white-bg\JH476_white_bg_watermarked.png,uploaded,AxDDb84XdojHbGxhK6CcnqbUneb,2026-06-12T13:57:44,C:\Users\Administrator\Documents\珠宝白底图生成\outputs\jewelry-white-background\20260618-618-heic-rerun-20260612-135152
JH495,recvlsDw2vsR5F,HEIC重跑替换,,jewelry-white-bg-heicfix-JH495-20260612135755,C:\Users\Administrator\Documents\珠宝白底图生成\outputs\jewelry-white-background\20260618-618-full-20260612-120909\source\JH495_front.heic,C:\Users\Administrator\Documents\珠宝白底图生成\outputs\jewelry-white-background\20260618-618-heic-rerun-20260612-135152\generated\JH495_generated.png,C:\Users\Administrator\Documents\珠宝白底图生成\outputs\jewelry-white-background\20260618-618-heic-rerun-20260612-135152\white-bg\JH495_white_bg_watermarked.png,uploaded,SmiWbwAQ2oq2NJxESOZcJS6Lnze,2026-06-12T14:00:00,C:\Users\Administrator\Documents\珠宝白底图生成\outputs\jewelry-white-background\20260618-618-heic-rerun-20260612-135152
JH481,recvlmw3Aox3RY,HEIC重跑替换,,jewelry-white-bg-heicfix-JH481-20260612135744,C:\Users\Administrator\Documents\珠宝白底图生成\outputs\jewelry-white-background\20260618-618-full-20260612-120909\source\JH481_front.heic,C:\Users\Administrator\Documents\珠宝白底图生成\outputs\jewelry-white-background\20260618-618-heic-rerun-20260612-135152\generated\JH481_generated.png,C:\Users\Administrator\Documents\珠宝白底图生成\outputs\jewelry-white-background\20260618-618-heic-rerun-20260612-135152\white-bg\JH481_white_bg_watermarked.png,uploaded,UnBpbdz3yohRxXxIvgQce45wnie,2026-06-12T14:00:05,C:\Users\Administrator\Documents\珠宝白底图生成\outputs\jewelry-white-background\20260618-618-heic-rerun-20260612-135152
JH482,recvlmw3Ao4Uqk,HEIC重跑替换,,jewelry-white-bg-heicfix-JH482-20260612135748,C:\Users\Administrator\Documents\珠宝白底图生成\outputs\jewelry-white-background\20260618-618-full-20260612-120909\source\JH482_front.heic,C:\Users\Administrator\Documents\珠宝白底图生成\outputs\jewelry-white-background\20260618-618-heic-rerun-20260612-135152\generated\JH482_generated.png,C:\Users\Administrator\Documents\珠宝白底图生成\outputs\jewelry-white-background\20260618-618-heic-rerun-20260612-135152\white-bg\JH482_white_bg_watermarked.png,uploaded,DLrVbS9krogRONx3DZEcxIIanGb,2026-06-12T14:00:10,C:\Users\Administrator\Documents\珠宝白底图生成\outputs\jewelry-white-background\20260618-618-heic-rerun-20260612-135152
JH483,recvlmw3AoSTZY,HEIC重跑替换,,jewelry-white-bg-heicfix-JH483-20260612135751,C:\Users\Administrator\Documents\珠宝白底图生成\outputs\jewelry-white-background\20260618-618-full-20260612-120909\source\JH483_front.heic,C:\Users\Administrator\Documents\珠宝白底图生成\outputs\jewelry-white-background\20260618-618-heic-rerun-20260612-135152\generated\JH483_generated.png,C:\Users\Administrator\Documents\珠宝白底图生成\outputs\jewelry-white-background\20260618-618-heic-rerun-20260612-135152\white-bg\JH483_white_bg_watermarked.png,uploaded,V2rHbRI02oOKDoxhELFcQhtTnad,2026-06-12T14:00:14,C:\Users\Administrator\Documents\珠宝白底图生成\outputs\jewelry-white-background\20260618-618-heic-rerun-20260612-135152
JH496,recvlsDw2vxs4c,HEIC重跑替换,,jewelry-white-bg-heicfix-JH496-20260612135759,C:\Users\Administrator\Documents\珠宝白底图生成\outputs\jewelry-white-background\20260618-618-full-20260612-120909\source\JH496_front.heic,C:\Users\Administrator\Documents\珠宝白底图生成\outputs\jewelry-white-background\20260618-618-heic-rerun-20260612-135152\generated\JH496_generated.png,C:\Users\Administrator\Documents\珠宝白底图生成\outputs\jewelry-white-background\20260618-618-heic-rerun-20260612-135152\white-bg\JH496_white_bg_watermarked.png,uploaded,Qx0Ob8V45ogLIsx1DNdc68YJn7d,2026-06-12T14:00:19,C:\Users\Administrator\Documents\珠宝白底图生成\outputs\jewelry-white-background\20260618-618-heic-rerun-20260612-135152
JH501,recvlsGryFTJh2,HEIC重跑替换,,jewelry-white-bg-heicfix-JH501-20260612135802,C:\Users\Administrator\Documents\珠宝白底图生成\outputs\jewelry-white-background\20260618-618-full-20260612-120909\source\JH501_front.heic,C:\Users\Administrator\Documents\珠宝白底图生成\outputs\jewelry-white-background\20260618-618-heic-rerun-20260612-135152\generated\JH501_generated.png,C:\Users\Administrator\Documents\珠宝白底图生成\outputs\jewelry-white-background\20260618-618-heic-rerun-20260612-135152\white-bg\JH501_white_bg_watermarked.png,uploaded,Gw8hbMnRbooknDxg7L3c6Z56nLh,2026-06-12T14:00:27,C:\Users\Administrator\Documents\珠宝白底图生成\outputs\jewelry-white-background\20260618-618-heic-rerun-20260612-135152
JH502,recvlsKG0lPDG4,HEIC重跑替换,,jewelry-white-bg-heicfix-JH502-20260612135805,C:\Users\Administrator\Documents\珠宝白底图生成\outputs\jewelry-white-background\20260618-618-full-20260612-120909\source\JH502_front.heic,C:\Users\Administrator\Documents\珠宝白底图生成\outputs\jewelry-white-background\20260618-618-heic-rerun-20260612-135152\generated\JH502_generated.png,C:\Users\Administrator\Documents\珠宝白底图生成\outputs\jewelry-white-background\20260618-618-heic-rerun-20260612-135152\white-bg\JH502_white_bg_watermarked.png,uploaded,NfHcb7hHdoYYn5xiS2bcTgw6nme,2026-06-12T14:00:32,C:\Users\Administrator\Documents\珠宝白底图生成\outputs\jewelry-white-background\20260618-618-heic-rerun-20260612-135152
JH510,recvlsKG0lUS7B,HEIC重跑替换,,jewelry-white-bg-heicfix-JH510-20260612135809,C:\Users\Administrator\Documents\珠宝白底图生成\outputs\jewelry-white-background\20260618-618-full-20260612-120909\source\JH510_front.heic,C:\Users\Administrator\Documents\珠宝白底图生成\outputs\jewelry-white-background\20260618-618-heic-rerun-20260612-135152\generated\JH510_generated.png,C:\Users\Administrator\Documents\珠宝白底图生成\outputs\jewelry-white-background\20260618-618-heic-rerun-20260612-135152\white-bg\JH510_white_bg_watermarked.png,uploaded,GatcbrsHQo2Ye0xghNbc4go5nFd,2026-06-12T14:00:37,C:\Users\Administrator\Documents\珠宝白底图生成\outputs\jewelry-white-background\20260618-618-heic-rerun-20260612-135152
JH513,recvlytZXmVCfR,HEIC重跑替换,,jewelry-white-bg-heicfix-JH513-20260612135813,C:\Users\Administrator\Documents\珠宝白底图生成\outputs\jewelry-white-background\20260618-618-full-20260612-120909\source\JH513_front.heic,C:\Users\Administrator\Documents\珠宝白底图生成\outputs\jewelry-white-background\20260618-618-heic-rerun-20260612-135152\generated\JH513_generated.png,C:\Users\Administrator\Documents\珠宝白底图生成\outputs\jewelry-white-background\20260618-618-heic-rerun-20260612-135152\white-bg\JH513_white_bg_watermarked.png,uploaded,PMktbIVF1oasIuxiZamcMs9fnYd,2026-06-12T14:00:42,C:\Users\Administrator\Documents\珠宝白底图生成\outputs\jewelry-white-background\20260618-618-heic-rerun-20260612-135152
JH518,recvlyA5gaCZXy,HEIC重跑替换,,jewelry-white-bg-heicfix-JH518-20260612135816,C:\Users\Administrator\Documents\珠宝白底图生成\outputs\jewelry-white-background\20260618-618-full-20260612-120909\source\JH518_front.heic,C:\Users\Administrator\Documents\珠宝白底图生成\outputs\jewelry-white-background\20260618-618-heic-rerun-20260612-135152\generated\JH518_generated.png,C:\Users\Administrator\Documents\珠宝白底图生成\outputs\jewelry-white-background\20260618-618-heic-rerun-20260612-135152\white-bg\JH518_white_bg_watermarked.png,uploaded,Uxw6bs9F9o6DZSxjmjvcqXN2ngn,2026-06-12T14:00:48,C:\Users\Administrator\Documents\珠宝白底图生成\outputs\jewelry-white-background\20260618-618-heic-rerun-20260612-135152
JH602,recvlWLnffdjDe,HEIC重跑替换,,jewelry-white-bg-heicfix-JH602-20260612140053,C:\Users\Administrator\Documents\珠宝白底图生成\outputs\jewelry-white-background\20260618-618-full-20260612-120909\source\JH602_front.heic,C:\Users\Administrator\Documents\珠宝白底图生成\outputs\jewelry-white-background\20260618-618-heic-rerun-20260612-135152\generated\JH602_generated.png,C:\Users\Administrator\Documents\珠宝白底图生成\outputs\jewelry-white-background\20260618-618-heic-rerun-20260612-135152\white-bg\JH602_white_bg_watermarked.png,uploaded,ZV0LbhaK9ogIY5x9iLucDOUXn0y,2026-06-12T14:02:50,C:\Users\Administrator\Documents\珠宝白底图生成\outputs\jewelry-white-background\20260618-618-heic-rerun-20260612-135152
JH603,recvlWLnffb3qi,HEIC重跑替换,,jewelry-white-bg-heicfix-JH603-20260612140056,C:\Users\Administrator\Documents\珠宝白底图生成\outputs\jewelry-white-background\20260618-618-full-20260612-120909\source\JH603_front.heic,C:\Users\Administrator\Documents\珠宝白底图生成\outputs\jewelry-white-background\20260618-618-heic-rerun-20260612-135152\generated\JH603_generated.png,C:\Users\Administrator\Documents\珠宝白底图生成\outputs\jewelry-white-background\20260618-618-heic-rerun-20260612-135152\white-bg\JH603_white_bg_watermarked.png,uploaded,QzUfbV8JJozY91x1wU0clRponig,2026-06-12T14:02:55,C:\Users\Administrator\Documents\珠宝白底图生成\outputs\jewelry-white-background\20260618-618-heic-rerun-20260612-135152
JH614,recvlY7sjM5Zjj,HEIC重跑替换,,jewelry-white-bg-heicfix-JH614-20260612140103,C:\Users\Administrator\Documents\珠宝白底图生成\outputs\jewelry-white-background\20260618-618-full-20260612-120909\source\JH614_front.heic,C:\Users\Administrator\Documents\珠宝白底图生成\outputs\jewelry-white-background\20260618-618-heic-rerun-20260612-135152\generated\JH614_generated.png,C:\Users\Administrator\Documents\珠宝白底图生成\outputs\jewelry-white-background\20260618-618-heic-rerun-20260612-135152\white-bg\JH614_white_bg_watermarked.png,uploaded,PYVSbzcFXobtdkx9O4ocBX8unQf,2026-06-12T14:03:00,C:\Users\Administrator\Documents\珠宝白底图生成\outputs\jewelry-white-background\20260618-618-heic-rerun-20260612-135152
JH617,recvlYbIQ6emyu,HEIC重跑替换,,jewelry-white-bg-heicfix-JH617-20260612140107,C:\Users\Administrator\Documents\珠宝白底图生成\outputs\jewelry-white-background\20260618-618-full-20260612-120909\source\JH617_front.heic,C:\Users\Administrator\Documents\珠宝白底图生成\outputs\jewelry-white-background\20260618-618-heic-rerun-20260612-135152\generated\JH617_generated.png,C:\Users\Administrator\Documents\珠宝白底图生成\outputs\jewelry-white-background\20260618-618-heic-rerun-20260612-135152\white-bg\JH617_white_bg_watermarked.png,uploaded,E6ISbl48YoRDcUxXhV6cvp71n9H,2026-06-12T14:03:05,C:\Users\Administrator\Documents\珠宝白底图生成\outputs\jewelry-white-background\20260618-618-heic-rerun-20260612-135152
JH628,recvm1y663Ptc8,HEIC重跑替换,,jewelry-white-bg-heicfix-JH628-20260612140114,C:\Users\Administrator\Documents\珠宝白底图生成\outputs\jewelry-white-background\20260618-618-full-20260612-120909\source\JH628_front.heic,C:\Users\Administrator\Documents\珠宝白底图生成\outputs\jewelry-white-background\20260618-618-heic-rerun-20260612-135152\generated\JH628_generated.png,C:\Users\Administrator\Documents\珠宝白底图生成\outputs\jewelry-white-background\20260618-618-heic-rerun-20260612-135152\white-bg\JH628_white_bg_watermarked.png,uploaded,TObRbaFLromKOdxsFRAcWxz0nXi,2026-06-12T14:03:13,C:\Users\Administrator\Documents\珠宝白底图生成\outputs\jewelry-white-background\20260618-618-heic-rerun-20260612-135152
JH526,recvlyEDj00lSj,HEIC重跑替换,,jewelry-white-bg-heicfix-JH526-20260612140048,C:\Users\Administrator\Documents\珠宝白底图生成\outputs\jewelry-white-background\20260618-618-full-20260612-120909\source\JH526_front.heic,C:\Users\Administrator\Documents\珠宝白底图生成\outputs\jewelry-white-background\20260618-618-heic-rerun-20260612-135152\generated\JH526_generated.png,C:\Users\Administrator\Documents\珠宝白底图生成\outputs\jewelry-white-background\20260618-618-heic-rerun-20260612-135152\white-bg\JH526_white_bg_watermarked.png,uploaded,O5eRb2uDAo0RcgxebACcmTW3nC3,2026-06-12T14:03:19,C:\Users\Administrator\Documents\珠宝白底图生成\outputs\jewelry-white-background\20260618-618-heic-rerun-20260612-135152
JH604,recvlWLnffYSEX,HEIC重跑替换,,jewelry-white-bg-heicfix-JH604-20260612140100,C:\Users\Administrator\Documents\珠宝白底图生成\outputs\jewelry-white-background\20260618-618-full-20260612-120909\source\JH604_front.heic,C:\Users\Administrator\Documents\珠宝白底图生成\outputs\jewelry-white-background\20260618-618-heic-rerun-20260612-135152\generated\JH604_generated.png,C:\Users\Administrator\Documents\珠宝白底图生成\outputs\jewelry-white-background\20260618-618-heic-rerun-20260612-135152\white-bg\JH604_white_bg_watermarked.png,uploaded,OlZrb70nVoMuL1x4J59ceTPMnVf,2026-06-12T14:03:24,C:\Users\Administrator\Documents\珠宝白底图生成\outputs\jewelry-white-background\20260618-618-heic-rerun-20260612-135152
JH627,recvm1y663PJoL,HEIC重跑替换,,jewelry-white-bg-heicfix-JH627-20260612140111,C:\Users\Administrator\Documents\珠宝白底图生成\outputs\jewelry-white-background\20260618-618-full-20260612-120909\source\JH627_front.heic,C:\Users\Administrator\Documents\珠宝白底图生成\outputs\jewelry-white-background\20260618-618-heic-rerun-20260612-135152\generated\JH627_generated.png,C:\Users\Administrator\Documents\珠宝白底图生成\outputs\jewelry-white-background\20260618-618-heic-rerun-20260612-135152\white-bg\JH627_white_bg_watermarked.png,uploaded,Ok1WbDXeoohSoUxAB06cRxhLnNe,2026-06-12T14:03:29,C:\Users\Administrator\Documents\珠宝白底图生成\outputs\jewelry-white-background\20260618-618-heic-rerun-20260612-135152
JH629,recvm1y663dWan,HEIC重跑替换,,jewelry-white-bg-heicfix-JH629-20260612140118,C:\Users\Administrator\Documents\珠宝白底图生成\outputs\jewelry-white-background\20260618-618-full-20260612-120909\source\JH629_front.heic,C:\Users\Administrator\Documents\珠宝白底图生成\outputs\jewelry-white-background\20260618-618-heic-rerun-20260612-135152\generated\JH629_generated.png,C:\Users\Administrator\Documents\珠宝白底图生成\outputs\jewelry-white-background\20260618-618-heic-rerun-20260612-135152\white-bg\JH629_white_bg_watermarked.png,uploaded,FB4Nb3DplojtOKxV2p4c73QtnIf,2026-06-12T14:03:33,C:\Users\Administrator\Documents\珠宝白底图生成\outputs\jewelry-white-background\20260618-618-heic-rerun-20260612-135152
JH630,recvm1Y3QGrmuj,HEIC重跑替换,,jewelry-white-bg-heicfix-JH630-20260612140122,C:\Users\Administrator\Documents\珠宝白底图生成\outputs\jewelry-white-background\20260618-618-full-20260612-120909\source\JH630_front.heic,C:\Users\Administrator\Documents\珠宝白底图生成\outputs\jewelry-white-background\20260618-618-heic-rerun-20260612-135152\generated\JH630_generated.png,C:\Users\Administrator\Documents\珠宝白底图生成\outputs\jewelry-white-background\20260618-618-heic-rerun-20260612-135152\white-bg\JH630_white_bg_watermarked.png,uploaded,UFAAbBt1ZoPdHuxAXOAcgVX7n8g,2026-06-12T14:03:38,C:\Users\Administrator\Documents\珠宝白底图生成\outputs\jewelry-white-background\20260618-618-heic-rerun-20260612-135152
